채용공고명,포지션 상세,주요 업무,자격 요건,우대사항,혜택 및 복지,채용 전형,태그,마감일,면접리뷰,회사위치,회사명
캐쥬얼 게임 사업 팀장급,"'라인 게임즈'는 재미있는 게임을 만드는 사람들 입니다.
매일같이 쏟아지는 수 많은 게임 콘텐츠의 홍수 속에 유저들에게 사랑 받는 게임을 만드는 일은 쉽지 않습니다.
차별화된 재미와 가치를 주는 게임회사로 거듭나 누군가에게 `감동`을 주고, 누군가의 `추억`이되고, `재미`를 선사하는 같은 꿈을 꾸는 사람들을 환영합니다.","• 프로젝트에 대한 전반적인 리딩
• 게임의 런칭부터 라이브까지 모든 과정의 운영 전략 수립과 실행
• BM 기획/관리 및 주요 지표 분석을 통한 현황 개선과 최적화
• 글로벌 게임시장 트렌드 분석 및 적용","• 프로젝트에 대한 전반적인 리딩
• 게임의 런칭부터 라이브까지 모든 과정의 운영 전략 수립과 실행
• BM 기획/관리 및 주요 지표 분석을 통한 현황 개선과 최적화
• 글로벌 게임시장 트렌드 분석 및 적용",,,,"편의시설, 건강검진지원, 유급휴가, 자기계발지원, 식대지원, 51~300명, AI 선도 기업, 연봉상위6~10%, 설립10년이상, 워크샵, 통신비",상시채용,"빠른 속도감, 과정 중심 질문, 친절/따뜻한 스타일, 자유롭고 편한 환경",서울 강남구,라인게임즈
캐쥬얼 게임 사업 PM,"'라인 게임즈'는 재미있는 게임을 만드는 사람들 입니다.
매일같이 쏟아지는 수 많은 게임 콘텐츠의 홍수 속에 유저들에게 사랑 받는 게임을 만드는 일은 쉽지 않습니다.
차별화된 재미와 가치를 주는 게임회사로 거듭나 누군가에게 `감동`을 주고, 누군가의 `추억`이되고, `재미`를 선사하는 같은 꿈을 꾸는 사람들을 환영합니다.","• 사업 PM으로서 전반적인 사업 전략 수립 및 실행
• 주요 지표 분석을 통한 성과 개선 방안/인사이트 도출 및 실행
• 인게임 콘텐츠 기획 및 관리
• BM, 상품 기획 및 관리
• 이벤트 운영 계획 수립 및 실행
• 유관 부서 커뮤니케이션 관리","• 사업 PM으로서 전반적인 사업 전략 수립 및 실행
• 주요 지표 분석을 통한 성과 개선 방안/인사이트 도출 및 실행
• 인게임 콘텐츠 기획 및 관리
• BM, 상품 기획 및 관리
• 이벤트 운영 계획 수립 및 실행
• 유관 부서 커뮤니케이션 관리",,,,"편의시설, 건강검진지원, 유급휴가, 자기계발지원, 식대지원, 51~300명, AI 선도 기업, 연봉상위6~10%, 설립10년이상, 워크샵, 통신비",상시채용,"빠른 속도감, 과정 중심 질문, 친절/따뜻한 스타일, 자유롭고 편한 환경",서울 강남구,라인게임즈
창세기전 모바일 운영 담당자,"'라인 게임즈'는 재미있는 게임을 만드는 사람들 입니다.
매일같이 쏟아지는 수 많은 게임 콘텐츠의 홍수 속에 유저들에게 사랑 받는 게임을 만드는 일은 쉽지 않습니다.
차별화된 재미와 가치를 주는 게임회사로 거듭나 누군가에게 `감동`을 주고, 누군가의 `추억`이되고, `재미`를 선사하는 같은 꿈을 꾸는 사람들을 환영합니다.","• 커뮤니티 관리 
  - 유저 동향 파악/리포트
  - 커뮤니티 이벤트 기획/운영
  - 공지문 작성 
  - 각종 유저 문의 대응

• 게임운영 
  - 확률 정보 관리
  - 점검 준비 세팅/후처리
  - 게임 데이터 분석
  - 버그/불법 프로그램 감시","• 커뮤니티 관리 
  - 유저 동향 파악/리포트
  - 커뮤니티 이벤트 기획/운영
  - 공지문 작성 
  - 각종 유저 문의 대응

• 게임운영 
  - 확률 정보 관리
  - 점검 준비 세팅/후처리
  - 게임 데이터 분석
  - 버그/불법 프로그램 감시",,,,"편의시설, 건강검진지원, 유급휴가, 자기계발지원, 식대지원, 51~300명, AI 선도 기업, 연봉상위6~10%, 설립10년이상, 워크샵, 통신비",상시채용,"빠른 속도감, 과정 중심 질문, 친절/따뜻한 스타일, 자유롭고 편한 환경",서울 강남구,라인게임즈
[스포츠 게임] 게임 기획자,"당신의 손에 잊히지 않는 경험을 선사합니다.

2018년 3월부터 게임 ""더 스파이크""를 출시해 라이브 서비스 중이며,
글로벌 시장에서 다운로드 수 6,000만+ 등 다양한 성과를 거둔 스포츠 게임 개발 회사 [선시안] 입니다.

우리는 젊은 개발팀으로 구성되어 시대 흐름에 맞춰 유연한 근무 형태로 다양한 시도를 하고,
스포츠의 매력을 게임에 담아, 눈부신 스토리와 캐릭터를 통해 사람들에게 최고의 게임을 선보이겠습니다.

창작은 즐겁습니다. 그 즐거움을 안고 선시안에서 함께 최고의 게임을 만들기 위해 새로운 팀원을 찾습니다.","ㆍ더 스파이크 신규 콘텐츠 및 시스템 기획
ㆍ더 스파이크 라이브 서비스 지표 분석
ㆍ신규 프로젝트 기획","ㆍ더 스파이크 신규 콘텐츠 및 시스템 기획
ㆍ더 스파이크 라이브 서비스 지표 분석
ㆍ신규 프로젝트 기획",,,,"50명이하, 설립3년이하, 디캠프 선정 유망 스타트업, 커피·스낵바, 자기계발지원, 인원 급성장, 건강검진지원, 식대지원, 휴가비, 보너스",상시채용,,서울,선시안
[스포츠 게임] 2D 그래픽 디자이너,"당신의 손에 잊히지 않는 경험을 선사합니다.

2018년 3월부터 게임 ""더 스파이크""를 출시해 라이브 서비스 중이며,
글로벌 시장에서 다운로드 수 6,000만+ 등 다양한 성과를 거둔 스포츠 게임 개발 회사 [선시안] 입니다.

우리는 젊은 개발팀으로 구성되어 시대 흐름에 맞춰 유연한 근무 형태로 다양한 시도를 하고,
스포츠의 매력을 게임에 담아, 눈부신 스토리와 캐릭터를 통해 사람들에게 최고의 게임을 선보이겠습니다.

창작은 즐겁습니다. 그 즐거움을 안고 선시안에서 함께 최고의 게임을 만들기 위해 새로운 팀원을 찾습니다.","ㆍ캐릭터 및 배경 리소스 등 담당 프로젝트의 아트 전반을 제작
ㆍ게임 아트 컨셉 및 캐릭터 디자인","ㆍ캐릭터 및 배경 리소스 등 담당 프로젝트의 아트 전반을 제작
ㆍ게임 아트 컨셉 및 캐릭터 디자인",,,,"Spine, Unity3D",,,서울,선시안
Unreal 게임개발 과정 교강사,"경일게임IT아카데미는 게임개발/기획, 웹디바이스, 블록체인, 메타버스 콘텐츠 전문 대한민국 대표 IT 교육기관입니다. 1988년 설립 이후 매년 꾸준한 성장을 기록하고 있으며, 최근 3년 내에 2배 이상의 성장을 기록하였습니다. 또한, 게임 아카데미 최초 '기업맞춤형 교육과정 승인', '직업능력의 달 국무총리상' 수상, 8년 연속 우수훈련기관 선정 등 대한민국을 대표하는 1등 IT 교육기관으로 자리매김하고 있습니다. 23년도 스마트 훈련(온라인) 사업이 승인됨에 따라 경일게임IT아카데미의 성장 가능성은 더욱 가파를 것입니다. 그 성장세에 함께 동참할 열정 가득하고 욕심 있는 여러분을 찾고 있습니다.","• Unreal 엔진 기반의 게임 프로그래밍 강의
• 게임 프로그래밍에 필요한 C언어 강의
• 게임에 대한 이해와 기초 강의
• 수강생 학습 지도 및 포트폴리오 관리","• Unreal 엔진 기반의 게임 프로그래밍 강의
• 게임 프로그래밍에 필요한 C언어 강의
• 게임에 대한 이해와 기초 강의
• 수강생 학습 지도 및 포트폴리오 관리",,,,"자기계발지원, 식대지원, 커피·스낵바, 유망산업, 보너스, 50명이하, 휴가비, 출산휴가, 연봉상위11~20%, 인원 급성장, 설립10년이상",상시채용,"세심한 스타일, 과정 중심 질문, 친절/따뜻한 스타일, 자유롭고 편한 환경",서울 강동구,경일게임아카데미
게임 시스템 기획자 (3년 이상),"비비던트코리아는 매력적인 캐릭터에 기반한 소셜 시뮬레이션 경험을 가상 세계를 넘어 현실 세계로 확장하는 대체현실 플랫폼을 구축하고 있는 회사입니다. 엔터/콘텐츠 비즈니스에 생성형 AI, 블록체인 등의 새로운 기술을 접목하여 IP 시장의 새로운 패러다임을 만들어가고 있습니다.

크래프톤, 하이퍼커넥트, 네오사피엔스, 해시드 등의 유명 게임/소셜/AI 회사 출신들로 구성된 팀과 함께 뛰어난 역량과 도전 정신으로 IP 산업에서 퀀텀 점프를 팀과 함께 만들어낼 분을 찾고 있습니다.","• 육성 시스템의 기본 규칙 설계
• 플레이어 & AI 캐릭터의 성장, 보상, NPC 대화 등 각종 시스템 설계
• 데이터 분석을 기반으로 한 게임/서비스 내 재화 및 보상 밸런싱","• 육성 시스템의 기본 규칙 설계
• 플레이어 & AI 캐릭터의 성장, 보상, NPC 대화 등 각종 시스템 설계
• 데이터 분석을 기반으로 한 게임/서비스 내 재화 및 보상 밸런싱",,,,"JIRA, Office 365, Unity3D",,,서울 강남구,비비던트코리아
[이클립스] 서버 프로그래머,"[우리 프로젝트를 소개합니다]
-엔픽셀의 신규 모바일 MMORPG 프로젝트입니다.","• 모바일 MMORPG 서버를 초기 단계에서 함께 설계해 나가실 분
• 기존 방법을 답습하기보다는 목적에 맞는 기술 스택을 함께 의논하며 결정해 나가실 분
• 새로운 언어&프레임워크를 함께 공부하며 성장해 나가실 분(뛰어난 분들 덕분에 초반에 걱정했던 것 보다 꽤 잘 동작하고 있습니다!)
• 오픈 소스를 활용해 빠르게 개발하고, 더 나아가서 생태계에 기여하고 싶으신 분","• 모바일 MMORPG 서버를 초기 단계에서 함께 설계해 나가실 분
• 기존 방법을 답습하기보다는 목적에 맞는 기술 스택을 함께 의논하며 결정해 나가실 분
• 새로운 언어&프레임워크를 함께 공부하며 성장해 나가실 분(뛰어난 분들 덕분에 초반에 걱정했던 것 보다 꽤 잘 동작하고 있습니다!)
• 오픈 소스를 활용해 빠르게 개발하고, 더 나아가서 생태계에 기여하고 싶으신 분",,,,"편의시설, 식대지원, 건강검진지원, 휴가비, 커피·스낵바, 복지포인트, 51~300명, 설립4~9년, 연봉상위6~10%, 워크샵, 누적투자100억이상, 유연근무",상시채용,"빠른 속도감, 과정 중심 질문, 친절/따뜻한 스타일, 캐주얼/편한 분위기",서울 강남구,엔픽셀
[가디스오더] 클라이언트 프로그래머,"픽셀트라이브(PIXELTRIBE)는 픽셀아트라는 강한 아이덴티티에 기반하여, 단결된 조직력으로 글로벌 게임 시장에서 강한 영향력을 펼치고자 2024년 2월에 설립된 신규 게임 개발사입니다.

""Tribe : 부족""
전통적인 가치와 문화를 중시하지만, 동시에 새로운 도전과 변화를 받아들일 수 있는 유연성도 갖추고 있는 것이 바로 '부족'이라고 생각합니다.
우리 모두가 조직의 구성원으로서 각자의 역할과 책임을 완수하며, 모두가 함께 연결되어 우리의 목표를 달성하는 조직이 되고자 합니다.

＃High-Quality 2D 프로젝트에 관심이 많고
＃깊이 있는 스토리의 진정성을 통한 콘텐츠의 힘을 믿고
＃대중적이고, 위트 있으면서도 오랫동안 사랑 받을 명작 제작에 기여하고 싶으시다면

픽셀트라이브 여정에 함께해 주세요.
우리와 함께 글로벌 게임 시장에서 새로운 역사를 써 내려가고 싶은 여러분을 기다립니다.


Ι 우리는 이렇게 일하고 있어요!
＃CREATIVE
전 세계 게이머에게 인정받을 수 있는 창의적인 경험을 추구합니다.

＃ CALIBARTED
게임의 핵심과 차별화 포인트를 일찍 그리고 더 자주 검증합니다.

＃COST EFFECTIVE
물량보단 창발적 콘텐츠를, 그리고 개발 과정에서의 효율성을 추구합니다.


Ι 클라이언트팀을 소개해 드립니다!
우리 팀은 게임 플레이 뿐만 아니라 개발하는 것을 좋아하는 사람들이 모인 조직입니다.
자유로운 분위기 속에서 부족한 부분은 채워주고, 좋은 부분은 함께 나눌 수 있는 개발 문화를 가지고 있습니다.
개발 속도, 유지 보수, 완성도의 모든 결과를 얻기 위해 부단히 노력하고 있으며, 개발 철학의 융합을 통해 더 나은 개발 철학을 추구합니다.
현실에 안주하지 않고 새로운 환경에서 전 세계 게이머들에게 좋은 서비스를 제공하고 싶은 분이 있다면 꼭 지원해 주세요!","합류 후 함께하실 업무에 대해서 소개해 드릴게요.

• ""Goddess Order""의 전반적인 클라이언트 개발 업무를 담당합니다.","합류 후 함께하실 업무에 대해서 소개해 드릴게요.

• ""Goddess Order""의 전반적인 클라이언트 개발 업무를 담당합니다.",,,,"복지포인트, 식대지원, 건강검진지원",상시채용,,,픽셀트라이브
클라이언트 프로그래머,"달콤소프트는 아티스트 IP를 사용하여 SuperStar 시리즈를 서비스하고 있는 리듬게임 개발 및 운영사입니다.

SuperStar는 2014년 SuperStar SMTOWN을 시작으로 약 20개의 기획사, 400명 이상의 TOP Artist와 함께 성장해 왔습니다.
SuperStar는 전세계 126개국 이상에서 7,700백만명 이상의 K-POP Fandom User를 확보하고 있는 ""New Contents Delivery Plarform""입니다.
현재 SuperStar는 미국,일본,싱가폴에 해외 자회사 설립을 통하여 K-POP뿐만 아니라 글로벌 아티스트로의 확대를 진행하며 명실상부한 글로벌 서비스로 도약하고 있습니다.","ㆍ라이브 서비스중인 슈퍼스타 시리즈를 개발 및 유지보수하는 업무
ㆍUnity 엔진을 활용한 라이브러리 개발","ㆍ라이브 서비스중인 슈퍼스타 시리즈를 개발 및 유지보수하는 업무
ㆍUnity 엔진을 활용한 라이브러리 개발",,,,"51~300명, 편의시설, 식대지원, 건강검진지원, 복지포인트, 설립10년이상",상시채용,,서울 강남구,달콤소프트
게임서비스 플랫폼 엔지니어,"게임 플랫폼 엔지니어는 게임을 서비스하기 위해 필요한 컨텐츠 개발 외적인 테크니컬한 측면을 폭넓게 다룹니다.
게임 서버의 인프라를 구성하고, 게임 클라이언트의 배포를 관리하며, 웹 서비스의 백엔드를 개발/운영합니다.","• 퍼블릭 클라우드를 활용한 개발/서비스 인프라 구성 및 관리를 진행해요.
• 타 시스템과의 연동을 위한 웹 서비스 API 개발을 진행해요.
• 로그, 모니터링, 데이터 플랫폼 구축, 지원을 진행해요.","• 퍼블릭 클라우드를 활용한 개발/서비스 인프라 구성 및 관리를 진행해요.
• 타 시스템과의 연동을 위한 웹 서비스 API 개발을 진행해요.
• 로그, 모니터링, 데이터 플랫폼 구축, 지원을 진행해요.",,,,"Linux, 서버, API, 클라우드 보안, 리눅스 서버, 클라우드 스토리지, 백엔드 개발",,,서울 서초구,슈퍼빌런랩스
unity3d 개발자 (주임대리급),"글로벌 점유율 1위 피닉스다트는 불과 25년 전에는 일본에서 시작된 후발주자였지만
피닉스다트만의 노하우로 일본 대기업 'SEGA'를 이기고 글로벌 시장 1위를 달성했습니다.

새로운 레저 스포츠 문화를 선도하는 글로벌 시장 점유율 1위, 종합 엔터테인먼트 피닉스다트는 곧 코스닥 상장을 목표하여 폭발적인 성장을 그리고 있습니다.

현재 미국과 일본 등 전세계 8개의 글로벌 법인지사를 운영하고 있는 피닉스다트는 ""원피스""와 ""짱구"" 판권 보유하고 있으며 최근 ""귀멸의 칼날"" 콜라보 진행했습니다.
또한 다트펍""다트플렉스"" 국내외 운영중,국제토너먼트 K-DART FESTIVAL 개최, 다트협회설립 등 다양한 산업에서 다트의 대중화에 기여하고 있습니다.

새로운 스포츠 문화를 함께 만들어갈 피닉스다트에 지금 바로 합류해주세요!",• 디지털 네트워크 기술 기반 다트머신 탑재 3D 게임 개발,• 디지털 네트워크 기술 기반 다트머신 탑재 3D 게임 개발,,,,"커피·스낵바, 유망산업, 편의시설, 휴가비, 대출지원, 51~300명, 설립10년이상",상시채용,,서울 구로구,피닉스다트
[Poker]Desktop Client,"NSUS Group은 북미, 유럽, 아시아 등 다양한 지역에 약 700명 이상의 임직원들이 일하고 있는 다국적 기업으로 iGaming 업계의 유니콘이며, NSUSLAB은 NSUS Group의 개발 스튜디오로서 그룹의 핵심적인 역할을 담당하고 있습니다.
NSUSLAB의 위대한 도전을 함께 할 우수 인재를 적극 모시고자 하니, 많은 관심과 지원 부탁 드립니다.",•  AIR 기반 클라이언트 게임 컨텐츠 개발,•  AIR 기반 클라이언트 게임 컨텐츠 개발,,,,"복지포인트, 커피·스낵바, 식대지원, 사내동호회, 자기계발지원, 유망산업, 301~1,000명, 연봉상위2~5%, AI 선도 기업, 육아휴직, 보너스, 인원 급성장, 설립10년이상, 워크샵",상시채용,"신속 간결한 스타일, 과정 중심 질문, 친절/따뜻한 스타일, 자유롭고 편한 환경",서울 강남구,앤서스랩코리아
[Poker]Client Framework,"NSUS Group은 북미, 유럽, 아시아 등 다양한 지역에 약 700명 이상의 임직원들이 일하고 있는 다국적 기업으로 iGaming 업계의 유니콘이며, NSUSLAB은 NSUS Group의 개발 스튜디오로서 그룹의 핵심적인 역할을 담당하고 있습니다.
NSUSLAB의 위대한 도전을 함께 할 우수 인재를 적극 모시고자 하니, 많은 관심과 지원 부탁 드립니다.","• 게임 클라이언트 SDK 개발 및 유지 보수
• 모바일/데스크톱 네이티브 모듈 개발
• 외부SDK /3rdparty 모듈 게임 클라이언트 연동","• 게임 클라이언트 SDK 개발 및 유지 보수
• 모바일/데스크톱 네이티브 모듈 개발
• 외부SDK /3rdparty 모듈 게임 클라이언트 연동",,,,"복지포인트, 커피·스낵바, 식대지원, 사내동호회, 자기계발지원, 유망산업, 301~1,000명, 연봉상위2~5%, AI 선도 기업, 육아휴직, 보너스, 인원 급성장, 설립10년이상, 워크샵",상시채용,"신속 간결한 스타일, 과정 중심 질문, 친절/따뜻한 스타일, 자유롭고 편한 환경",서울 강남구,앤서스랩코리아
[Casino Platform]게임 보안 관리(의심 회원 관리),"NSUS Group은 북미, 유럽, 아시아 등 다양한 지역에 약 700명 이상의 임직원들이 일하고 있는 다국적 기업으로 iGaming 업계의 유니콘이며, NSUSLAB은 NSUS Group의 개발 스튜디오로서 그룹의 핵심적인 역할을 담당하고 있습니다.
NSUSLAB의 위대한 도전을 함께 할 우수 인재를 적극 모시고자 하니, 많은 관심과 지원 부탁 드립니다.","• 의심거래 탐지 Rule 기획 및 운영
• 데이터 분석을 통한 유저 베팅 패턴, 벳사이징 등에 대한 인사이트 도출
• 유저들의 카지노 게임내용과 계정기록에 기반한 증거 수집
• 유저들의 부정행위 색출/보고/처리
• 온라인 카지노 사이트 모니터링","• 의심거래 탐지 Rule 기획 및 운영
• 데이터 분석을 통한 유저 베팅 패턴, 벳사이징 등에 대한 인사이트 도출
• 유저들의 카지노 게임내용과 계정기록에 기반한 증거 수집
• 유저들의 부정행위 색출/보고/처리
• 온라인 카지노 사이트 모니터링",,,,"복지포인트, 커피·스낵바, 식대지원, 사내동호회, 자기계발지원, 유망산업, 301~1,000명, 연봉상위2~5%, AI 선도 기업, 육아휴직, 보너스, 인원 급성장, 설립10년이상, 워크샵",상시채용,"신속 간결한 스타일, 과정 중심 질문, 친절/따뜻한 스타일, 자유롭고 편한 환경",서울 강남구,앤서스랩코리아
[디스민즈워] 레벨 기획(PC),"디스민즈워는 위메이드 계열사로서 현장감과 몰입감을 주는 보병전 중심의 현대전 FPS를 개발하고 있습니다.
Unreal 5 엔진으로 개발중이며 극 사실주의에 입각한 비주얼/전쟁경험 서비스를 목표로 하고 있습니다.

우리는 각자의 분야에서 최고가 되기 위한 꿈과 열정을 지니고 맡은 미션을 훌륭하게 수행하며
멋진 성과를 만들어내는 훌륭한 인재들로 구성되어 있습니다.

서로에 대한 믿음을 바탕으로 팀워크와 협업 시너지를 창출하고 있으며,
밀리터리 FPS 게임 시장에 새로운 패러다임을 제시할 것입니다.

무한한 상상력을 현실로 만드는 멋진 동료들과 함께 꿈을 펼쳐나가실 분은 지원해주세요.

#Unreal5 #Extraction_Team #FPS #대작","• Unreal Engine 5 레벨 디자인 (레벨구성/전투흐름/밸런싱 등)
• 다양한 컨텐츠 구체화 및 디자인
• 플레이어 피드백을 바탕으로 레벨 개선 작업","• Unreal Engine 5 레벨 디자인 (레벨구성/전투흐름/밸런싱 등)
• 다양한 컨텐츠 구체화 및 디자인
• 플레이어 피드백을 바탕으로 레벨 개선 작업",,,,"편의시설, 단체보험, 커피·스낵바, 건강검진지원, 복지포인트, 유급휴가, 식대지원, 유망산업, 연봉상위1%, 301~1,000명, 누적투자100억이상, AI 선도 기업, 설립10년이상, 경기도 우수 중소기업",2025.01.07,"신속 간결한 스타일, 과정 중심 질문, 진중/칼같은 스타일, 자유롭고 편한 환경",경기 성남시,위메이드(WEMADE)
[디스민즈워] 3D 캐릭터 아티스트(PC/Console),"디스민즈워는 위메이드 계열사로서 현장감과 몰입감을 주는 보병전 중심의 현대전 FPS를 개발하고 있습니다.

Unreal 5 엔진으로 팀 오브젝트를 기반으로 한 아이템 쟁탈 모드를 개발 중이며,
사실주의에 입각한 비주얼/전쟁경험 서비스를 목표로 하고 있습니다.

#Unreal5 #Extraction_Team #FPS #대작","• 컨셉에 맞는 고퀄리티 실사 3D 캐릭터, 총기제작 업무
• 실제 고증을 바탕으로 하는 캐릭터 파츠 및 3D 리소스 제작
• 관련 기술 R&D 및 테스트","• 컨셉에 맞는 고퀄리티 실사 3D 캐릭터, 총기제작 업무
• 실제 고증을 바탕으로 하는 캐릭터 파츠 및 3D 리소스 제작
• 관련 기술 R&D 및 테스트",,,,"편의시설, 단체보험, 커피·스낵바, 건강검진지원, 복지포인트, 유급휴가, 식대지원, 유망산업, 연봉상위1%, 301~1,000명, 누적투자100억이상, AI 선도 기업, 설립10년이상, 경기도 우수 중소기업",2024.11.07,"신속 간결한 스타일, 과정 중심 질문, 진중/칼같은 스타일, 자유롭고 편한 환경",경기 성남시,위메이드(WEMADE)
[디스민즈워] 클라이언트 콘텐츠 프로그래머(PC),"디스민즈워는 위메이드 계열사로서 현장감과 몰입감을 주는 보병전 중심의 현대전 FPS를 개발하고 있습니다.
Unreal 5 엔진으로 개발중이며 극 사실주의에 입각한 비주얼/전쟁경험 서비스를 목표로 하고 있습니다.

우리는 각자의 분야에서 최고가 되기 위한 꿈과 열정을 지니고 맡은 미션을 훌륭하게 수행하며
멋진 성과를 만들어내는 훌륭한 인재들로 구성되어 있습니다.

서로에 대한 믿음을 바탕으로 팀워크와 협업 시너지를 창출하고 있으며,
밀리터리 FPS 게임 시장에 새로운 패러다임을 제시할 것입니다.

무한한 상상력을 현실로 만드는 멋진 동료들과 함께 꿈을 펼쳐나가실 분은 지원해주세요.

#Unreal5 #Extraction_Team #FPS #대작",• 클라이언트/DS 컨텐츠 개발,• 클라이언트/DS 컨텐츠 개발,,,,"편의시설, 단체보험, 커피·스낵바, 건강검진지원, 복지포인트, 유급휴가, 식대지원, 유망산업, 연봉상위1%, 301~1,000명, 누적투자100억이상, AI 선도 기업, 설립10년이상, 경기도 우수 중소기업",2024.12.11,"신속 간결한 스타일, 과정 중심 질문, 진중/칼같은 스타일, 자유롭고 편한 환경",경기 성남시,위메이드(WEMADE)
라이브 운영기획자,"달콤소프트는 아티스트 IP를 사용하여 SuperStar 시리즈를 서비스하고 있는 리듬게임 개발 및 운영사입니다.
SuperStar는 2014년 SuperStar SMTOWN을 시작으로 약 20개의 기획사, 400명 이상의 TOP Artist와 함께 성장해 왔습니다.
SuperStar는 전세계 126개국 이상에서 7,700만명 이상의 K-POP Fandom User를 확보하고 있는 ""New Contents Delivery Plarform""입니다.
현재 SuperStar는 미국,일본,싱가폴에 해외 자회사 설립을 통하여 K-POP뿐만 아니라 글로벌 아티스트로의 확대를 진행하며 명실상부한 글로벌 서비스로 도약하고 있습니다.","· 주요 라이브 팀 관리 대응 업무
· 유료화 상품 / 이벤트 기획","· 주요 라이브 팀 관리 대응 업무
· 유료화 상품 / 이벤트 기획",,,,"Github, Trello, MS 오피스",,,서울 강남구,달콤소프트
캐주얼 게임 PM,"111퍼센트는 재미라는 본질에 집중합니다.
재미는 심플하고, 참신한 룰에서 나옵니다.

바둑이 흑과 백, 두가지 돌과 심플한 룰로 약 5,000년 동안 인류를 즐겁게 했고,
랜덤 다이스 디펜스가 주사위와 참신한 룰로 약 2,500만 유저를 즐겁게 했듯,
재미있는 게임은 기획부터 런칭까지 6개월이면 충분합니다.

공감 : 111퍼센트만의 개발 속도와 방향성에 깊이 공감하고, 변화에 민첩하게 대응합니다.
도전 : 실패를 두려워 하지 않고, 그 과정을 발판삼아 한단계 성장하여, 다음 도전에서는 성공가능성을 높입니다.
몰입 : 매우 깊고 밀도 있는 몰입으로 매 순간 최고의 속도를 내며 우리의 성공을 앞당깁니다.

111퍼센트는 위 핵심가치를 따라 매번 최고의 속도를 내며 계속해서 도전하고 있습니다.
변화와 실패를 두려워하지 않고, 빠르고 깊은 몰입을 통해 세상에 없던 재미를 개발하고 싶으신 분들을 두 팔 벌려 환영합니다.


* 채용전형
서류전형 ＞ 1차 인터뷰 ＞ 2차 인터뷰 ＞ 처우 협상 ＞ 최종합격

* 고용형태
- 정규직 (수습기간 3개월)

* 파일 첨부할 경우 PDF파일로 첨부해주세요.


111퍼센트 PM팀 소개

111퍼센트의 PM팀은 6개월 이라는 게임 제작 사이클에 따라 개발 중인 프로젝트들이 목표한 기간 내 런칭 될 수 있도록, 컨트롤 타워로서 전체 프로젝트 관리를 담당하는 조직입니다.
새로운 시도와 개선을 통해 더 나은 프로세스를 끊임없이 제안하고 실행합니다.
게임 제작의 출발 단계부터 참여하게 되며, 방향성 확인, 일정 관리, 재미 검증, 서비스 런칭 등
제작 단계부터 라이브 서비스까지 전 과정을 유관 부서와 함께 긴밀하게 협업하고 있습니다.

프로젝트 전 과정에 참여하고, 6개월 내에 런칭 후, 라이브에서의 성공까지 경험해보실 PM 분들을 모집합니다.","• 111퍼센트 게임 제작 사이클에 따라, 6개월 내에 담당 프로젝트의 안정적 제작과 런칭이 가능하도록 프로젝트 진척도 및 일정 관리 업무를 수행합니다.
• 동시에 여러 개의 개발 프로젝트를 관리하며, 프로젝트가 목표 기한 내에 개발 및 런칭 되는 데 있어 이슈사항들의 빠른 해결을 위해 유관 부서와 긴밀히 협업합니다. 
• 프로젝트 성공을 위해, 담당 프로젝트의 개발자, 디자이너, 기획 리더와 함께 게임의 재미 향상을 위한 고민과 피드백을 제공하여, 더 나은 결과물을 만들어내는데 기여합니다.","• 111퍼센트 게임 제작 사이클에 따라, 6개월 내에 담당 프로젝트의 안정적 제작과 런칭이 가능하도록 프로젝트 진척도 및 일정 관리 업무를 수행합니다.
• 동시에 여러 개의 개발 프로젝트를 관리하며, 프로젝트가 목표 기한 내에 개발 및 런칭 되는 데 있어 이슈사항들의 빠른 해결을 위해 유관 부서와 긴밀히 협업합니다. 
• 프로젝트 성공을 위해, 담당 프로젝트의 개발자, 디자이너, 기획 리더와 함께 게임의 재미 향상을 위한 고민과 피드백을 제공하여, 더 나은 결과물을 만들어내는데 기여합니다.",,,,"편의시설, 건강검진지원, 커피·스낵바, 식대지원, 연봉상위11~20%, 51~300명, 설립4~9년",상시채용,"신속 간결한 스타일, 과정 중심 질문, 진중/칼같은 스타일, 캐주얼/편한 분위기",서울 강남구,111퍼센트
[레전드오브슬라임] UX·UI 디자이너,"""LOADCOMPLETE"" 은 ""좋은 게임을 만들기 위한 사람, 아이디어, 기술을 가득 채웠으니, 일좀 내볼까?"" 라는 의미로 즐거운 모바일 콘텐츠를 만드는 글로벌 게임 전문 개발사 입니다.

우리는 ""So we make jolly good games""를 바탕으로 꾸준히 성장해 온 로드컴플릿은, 보편적이면서, 독특한 재미와 Look&Feel, 소통하는 모바일 게임을 통해 전세계 게이머들에게 즐거움을 선사하고 있습니다.

＃우리는 특별한 게임과 서비스를 만들며, 성장합니다.
＃우리는 통통 튀는 창의력을 바탕으로 더 기억되는 경험을 만들기 위해, 다양한 도전을 하고 있습니다.
＃아이디어를 현실로 바꿔줄 기술을 축적하고, 최신 기술이나 플랫폼의 기회에도 반응합니다.

이러한 원칙을 기반으로 일상의 반짝임을 더할 콘텐츠를 만드는 ""LOADCOMPLETE"" 여정에 함께해 주세요.


Ι 우리는 이렇게 일하고 있어요!
＃CREATIVE
전 세계 게이머에게 인정받을 수 있는 창의적인 경험을 추구합니다.

＃ CALIBARTED
게임의 핵심과 차별화 포인트를 일찍 그리고 더 자주 검증합니다.

＃COST EFFECTIVE
물량보단 창발적 콘텐츠를, 그리고 개발 과정에서의 효율성을 추구합니다.

Ι NEMO 스튜디오를 소개해 드립니다!

픽셀 그래픽으로 재미있고 매력적인 캐주얼 및 미드코어 게임을 제작하는 NEMO Studio입니다.
글로벌 시장에서 성공할 수 있고, 만드는 사람도 재미를 느낄 수 있는 게임을 목표로 하고 있습니다.
서로의 부족한 부분을 채워주고 영감을 나누며, 더 재미있는 게임을 만들고 싶으신 분을 기다리고 있으니, 두려워 하지 말고 지원해 주세요!","합류 후 함께하실 업무에 대해서 소개해 드릴게요.

• 캐주얼 게임 스튜디오의 UI/UX 디자인 업무 전반을 담당합니다.","합류 후 함께하실 업무에 대해서 소개해 드릴게요.

• 캐주얼 게임 스튜디오의 UI/UX 디자인 업무 전반을 담당합니다.",,,,"건강검진지원, 자기계발지원, 커피·스낵바, 유급휴가, 연봉상위11~20%, 51~300명, 식대지원, 보너스, 복지포인트, AI 선도 기업, 설립10년이상, 누적투자100억이상, 경기도 우수 중소기업, 유연근무",상시채용,"신속 간결한 스타일, 과정 중심 질문, 친절/따뜻한 스타일, 자유롭고 편한 환경",경기 성남시,로드컴플릿(LoadComplete)
[레전드오브슬라임] 클라이언트 프로그래머,"""LOADCOMPLETE"" 은 ""좋은 게임을 만들기 위한 사람, 아이디어, 기술을 가득 채웠으니, 일좀 내볼까?"" 라는 의미로 즐거운 모바일 콘텐츠를 만드는 글로벌 게임 전문 개발사 입니다.

우리는 ""So we make jolly good games""를 바탕으로 꾸준히 성장해 온 로드컴플릿은, 보편적이면서, 독특한 재미와 Look&Feel, 소통하는 모바일 게임을 통해 전세계 게이머들에게 즐거움을 선사하고 있습니다.

＃우리는 특별한 게임과 서비스를 만들며, 성장합니다.
＃우리는 통통 튀는 창의력을 바탕으로 더 기억되는 경험을 만들기 위해, 다양한 도전을 하고 있습니다.
＃아이디어를 현실로 바꿔줄 기술을 축적하고, 최신 기술이나 플랫폼의 기회에도 반응합니다.

이러한 원칙을 기반으로 일상의 반짝임을 더할 콘텐츠를 만드는 ""LOADCOMPLETE"" 여정에 함께해 주세요.


Ι 우리는 이렇게 일하고 있어요!
＃CREATIVE
전 세계 게이머에게 인정받을 수 있는 창의적인 경험을 추구합니다.

＃ CALIBARTED
게임의 핵심과 차별화 포인트를 일찍 그리고 더 자주 검증합니다.

＃COST EFFECTIVE
물량보단 창발적 콘텐츠를, 그리고 개발 과정에서의 효율성을 추구합니다.

Ι LOS 스튜디오를 소개해 드립니다!

LOS스튜디오는 캐주얼 방치형 RPG '레전드 오브 슬라임'(레오슬)의 라이브 개발 및 서비스를 담당하며,
변화하는 모바일 게임 트렌드를 따라 IP의 매력을 충분히 느낄 수 있는 게임을 서비스하는 개발 스튜디오입니다.
우리와 함께 전 세계 게이머에게 다양한 즐거움을 드리고 싶다면 망설이지 말고 지원해 주세요!","합류 후 함께하실 업무에 대해서 소개해 드릴게요.

• Unity 엔진을 활용하여 메가마카롱 그룹 내 주요 프로젝트 콘텐츠를 개발합니다.
• 유저 편의성 및 경험 개선 요소를 개발합니다.
• 각종 SDK를 적용하고 유지보수 업무를 담당합니다.
(※ 대표게임: 레전드 오브 슬라임, 작살난다냥, 머지택틱스)","합류 후 함께하실 업무에 대해서 소개해 드릴게요.

• Unity 엔진을 활용하여 메가마카롱 그룹 내 주요 프로젝트 콘텐츠를 개발합니다.
• 유저 편의성 및 경험 개선 요소를 개발합니다.
• 각종 SDK를 적용하고 유지보수 업무를 담당합니다.
(※ 대표게임: 레전드 오브 슬라임, 작살난다냥, 머지택틱스)",,,,"건강검진지원, 자기계발지원, 커피·스낵바, 유급휴가, 연봉상위11~20%, 51~300명, 식대지원, 보너스, 복지포인트, AI 선도 기업, 설립10년이상, 누적투자100억이상, 경기도 우수 중소기업, 유연근무",상시채용,"신속 간결한 스타일, 과정 중심 질문, 친절/따뜻한 스타일, 자유롭고 편한 환경",경기 성남시,로드컴플릿(LoadComplete)
[레전드오브슬라임] UX·UI 디자이너,"""LOADCOMPLETE"" 은 ""좋은 게임을 만들기 위한 사람, 아이디어, 기술을 가득 채웠으니, 일좀 내볼까?"" 라는 의미로 즐거운 모바일 콘텐츠를 만드는 글로벌 게임 전문 개발사 입니다.

우리는 ""So we make jolly good games""를 바탕으로 꾸준히 성장해 온 로드컴플릿은, 보편적이면서, 독특한 재미와 Look&Feel, 소통하는 모바일 게임을 통해 전세계 게이머들에게 즐거움을 선사하고 있습니다.

＃우리는 특별한 게임과 서비스를 만들며, 성장합니다.
＃우리는 통통 튀는 창의력을 바탕으로 더 기억되는 경험을 만들기 위해, 다양한 도전을 하고 있습니다.
＃아이디어를 현실로 바꿔줄 기술을 축적하고, 최신 기술이나 플랫폼의 기회에도 반응합니다.

이러한 원칙을 기반으로 일상의 반짝임을 더할 콘텐츠를 만드는 ""LOADCOMPLETE"" 여정에 함께해 주세요.


Ι 우리는 이렇게 일하고 있어요!
＃CREATIVE
전 세계 게이머에게 인정받을 수 있는 창의적인 경험을 추구합니다.

＃ CALIBARTED
게임의 핵심과 차별화 포인트를 일찍 그리고 더 자주 검증합니다.

＃COST EFFECTIVE
물량보단 창발적 콘텐츠를, 그리고 개발 과정에서의 효율성을 추구합니다.

Ι LOS 스튜디오를 소개해 드립니다!

LOS스튜디오는 캐주얼 방치형 RPG '레전드 오브 슬라임'(레오슬)의 라이브 개발 및 서비스를 담당하며,
변화하는 모바일 게임 트렌드를 따라 IP의 매력을 충분히 느낄 수 있는 게임을 서비스하는 개발 스튜디오입니다.
우리와 함께 전 세계 게이머에게 다양한 즐거움을 드리고 싶다면 망설이지 말고 지원해 주세요!","합류 후 함께하실 업무에 대해서 소개해 드릴게요.

• 캐주얼 게임 스튜디오의 UI/UX 디자인 업무 전반을 담당합니다.","합류 후 함께하실 업무에 대해서 소개해 드릴게요.

• 캐주얼 게임 스튜디오의 UI/UX 디자인 업무 전반을 담당합니다.",,,,"건강검진지원, 자기계발지원, 커피·스낵바, 유급휴가, 연봉상위11~20%, 51~300명, 식대지원, 보너스, 복지포인트, AI 선도 기업, 설립10년이상, 누적투자100억이상, 경기도 우수 중소기업, 유연근무",상시채용,"신속 간결한 스타일, 과정 중심 질문, 친절/따뜻한 스타일, 자유롭고 편한 환경",경기 성남시,로드컴플릿(LoadComplete)
[신규 프로젝트] 시스템 기획자,"""LOADCOMPLETE"" 은 ""좋은 게임을 만들기 위한 사람, 아이디어, 기술을 가득 채웠으니, 일좀 내볼까?"" 라는 의미로 즐거운 모바일 콘텐츠를 만드는 글로벌 게임 전문 개발사 입니다.

우리는 ""So we make jolly good games""를 바탕으로 꾸준히 성장해 온 로드컴플릿은, 보편적이면서, 독특한 재미와 Look&Feel, 소통하는 모바일 게임을 통해 전세계 게이머들에게 즐거움을 선사하고 있습니다.

＃우리는 특별한 게임과 서비스를 만들며, 성장합니다.
＃우리는 통통 튀는 창의력을 바탕으로 더 기억되는 경험을 만들기 위해, 다양한 도전을 하고 있습니다.
＃아이디어를 현실로 바꿔줄 기술을 축적하고, 최신 기술이나 플랫폼의 기회에도 반응합니다.

이러한 원칙을 기반으로 일상의 반짝임을 더할 콘텐츠를 만드는 ""LOADCOMPLETE"" 여정에 함께해 주세요.


Ι 우리는 이렇게 일하고 있어요!
＃CREATIVE
전 세계 게이머에게 인정받을 수 있는 창의적인 경험을 추구합니다.

＃ CALIBARTED
게임의 핵심과 차별화 포인트를 일찍 그리고 더 자주 검증합니다.

＃COST EFFECTIVE
물량보단 창발적 콘텐츠를, 그리고 개발 과정에서의 효율성을 추구합니다.


Ι NEMO 스튜디오 - 프멍팀을 소개해 드립니다!

프멍팀은 강아지를 주제로 한 픽셀 아트 캐주얼 게임을 개발하며, 글로벌 시장에서의 성공을 목표로 하고 있습니다.
아기자기한 도트 그래픽과 도그 스포츠를 결합한 창의적인 게임 플레이로, 전 세계의 애견인들에게 특별한 경험을 선사하고자 합니다.
강아지를 향한 사랑과 열정을 바탕으로, 팀원 모두가 재미를 느끼며 함께 성장하는 문화를 지향하며, 그 과정에 열정과 창의성을 더해줄 분을 기다립니다.","합류 후 함께하실 업무에 대해서 소개해 드릴게요.

• 신규 캐주얼 프로젝트의 전반적인 시스템 방향성 수립 및 시스템 기획 전반을 리딩합니다.
• 기획적 요구사항의 구체화 및 데이터 구조를 설계합니다.","합류 후 함께하실 업무에 대해서 소개해 드릴게요.

• 신규 캐주얼 프로젝트의 전반적인 시스템 방향성 수립 및 시스템 기획 전반을 리딩합니다.
• 기획적 요구사항의 구체화 및 데이터 구조를 설계합니다.",,,,"건강검진지원, 자기계발지원, 커피·스낵바, 유급휴가, 연봉상위11~20%, 51~300명, 식대지원, 보너스, 복지포인트, AI 선도 기업, 설립10년이상, 누적투자100억이상, 경기도 우수 중소기업, 유연근무",상시채용,"신속 간결한 스타일, 과정 중심 질문, 친절/따뜻한 스타일, 자유롭고 편한 환경",경기 성남시,로드컴플릿(LoadComplete)
[레전드오브슬라임] 서버 프로그래머,"""LOADCOMPLETE"" 은 ""좋은 게임을 만들기 위한 사람, 아이디어, 기술을 가득 채웠으니, 일좀 내볼까?"" 라는 의미로 즐거운 모바일 콘텐츠를 만드는 글로벌 게임 전문 개발사 입니다.

우리는 ""So we make jolly good games""를 바탕으로 꾸준히 성장해 온 로드컴플릿은, 보편적이면서, 독특한 재미와 Look&Feel, 소통하는 모바일 게임을 통해 전세계 게이머들에게 즐거움을 선사하고 있습니다.

＃우리는 특별한 게임과 서비스를 만들며, 성장합니다.
＃우리는 통통 튀는 창의력을 바탕으로 더 기억되는 경험을 만들기 위해, 다양한 도전을 하고 있습니다.
＃아이디어를 현실로 바꿔줄 기술을 축적하고, 최신 기술이나 플랫폼의 기회에도 반응합니다.

이러한 원칙을 기반으로 일상의 반짝임을 더할 콘텐츠를 만드는 ""LOADCOMPLETE"" 여정에 함께해 주세요.


Ι 우리는 이렇게 일하고 있어요!
＃CREATIVE
전 세계 게이머에게 인정받을 수 있는 창의적인 경험을 추구합니다.

＃ CALIBARTED
게임의 핵심과 차별화 포인트를 일찍 그리고 더 자주 검증합니다.

＃COST EFFECTIVE
물량보단 창발적 콘텐츠를, 그리고 개발 과정에서의 효율성을 추구합니다.

Ι LOS 스튜디오를 소개해 드립니다!

LOS스튜디오는 캐주얼 방치형 RPG '레전드 오브 슬라임'(레오슬)의 라이브 개발 및 서비스를 담당하며,
변화하는 모바일 게임 트렌드를 따라 IP의 매력을 충분히 느낄 수 있는 게임을 서비스하는 개발 스튜디오입니다.
우리와 함께 전 세계 게이머에게 다양한 즐거움을 드리고 싶다면 망설이지 말고 지원해 주세요!","합류 후 함께하실 업무에 대해서 소개해 드릴게요.

• 고성능 및 고가용성이 보장되는 모바일 게임 서버 개발 및 유지보수 업무를 담당합니다.
• 게임 내 콘텐츠 업데이트 및 신규 기능 개발을 위한 서버 로직 구현 업무를 담당합니다.
• 멀티 플레이어 게임 서버의 아키텍쳐를 설계 및 구현합니다.
• 서버 성능을 모니터링하고 최적화 작업을 진행합니다.","합류 후 함께하실 업무에 대해서 소개해 드릴게요.

• 고성능 및 고가용성이 보장되는 모바일 게임 서버 개발 및 유지보수 업무를 담당합니다.
• 게임 내 콘텐츠 업데이트 및 신규 기능 개발을 위한 서버 로직 구현 업무를 담당합니다.
• 멀티 플레이어 게임 서버의 아키텍쳐를 설계 및 구현합니다.
• 서버 성능을 모니터링하고 최적화 작업을 진행합니다.",,,,"건강검진지원, 자기계발지원, 커피·스낵바, 유급휴가, 연봉상위11~20%, 51~300명, 식대지원, 보너스, 복지포인트, AI 선도 기업, 설립10년이상, 누적투자100억이상, 경기도 우수 중소기업, 유연근무",상시채용,"신속 간결한 스타일, 과정 중심 질문, 친절/따뜻한 스타일, 자유롭고 편한 환경",경기 성남시,로드컴플릿(LoadComplete)
Game Community Management,"Glohow is looking for a talented individual who is responsible for leading game community management. The Game Community Management is responsible for managing communities, engaging with players, providing exceptional customer service, and communicating with internal and external stakeholders. As a CM (Game Community Management) at Glohow, you'll be at the forefront of building and fostering a strong and engaged community of players. We are currently seeking a dedicated person to strengthen our connections with our players and enhance the gaming experience.

Glohow는 게임 커뮤니티 관리(Game Community Management)를 함께하실 분을 모집하고 있습니다. 게임 커뮤니티 관리, 플레이어와의 소통, 고객 서비스 제공, 그리고 내・외부 이해 관계자들과의 커뮤니케이션을 담당합니다. Glohow의 게임 커뮤니티 매니저로서, 플레이어와의 강한 유대감을 형성하고, 적극적인 커뮤니티 활동을 통해 게임 경험을 향상시키고 싶은 분들, 환영합니다!","• Overseeing the strategic planning and efficient management of the global game community channel, ensuring alignment with organizational objectives and community engagement goals.
• Actively monitoring and moderating community channels to maintain a respectful and engaging atmosphere, addressing issues, and facilitating discussions as needed.
• Conducting in-depth analysis of community insights, such as content performance and user behavior, and employing strategies to enhance community participation through engaging content and events.
• Creating official announcements and notices on social media platforms to keep our player community informed.
• Strategically plan and create engaging community posts and content.
• Plan and execute community events, and activities to maintain player interest and engagement.
• Led the planning, direction, and appearance of multimedia content creation, catering to the diverse needs and preferences of the gaming community.
• Creating Content Aligned with the Unique Preferences of the Gaming Audience Across Diverse Game Genres.
• Defining a comprehensive strategy for SNS (social media) platforms, including Facebook, game guides, and promotional videos.
• Active involvement in content planning, appearance, and production, ensuring a consistent and captivating online presence.

• 글로벌 게임 커뮤니티 채널의 전략적 기획 및 효율적 관리
• 긍정적이고 유저 참여도가 높은 커뮤니티 환경을 조성하기 위한 채널 모니터링 및 이슈 해결
• Contents Performance/User Behavior 등의 분석을 통해 다양한 이벤트 전략 수립  
• Social Media 플랫폼을 활용한 다양한 게시물 작성 및 전략 수립
• User Retention 확대를 위한 콘텐츠 기획 및 제작","• Overseeing the strategic planning and efficient management of the global game community channel, ensuring alignment with organizational objectives and community engagement goals.
• Actively monitoring and moderating community channels to maintain a respectful and engaging atmosphere, addressing issues, and facilitating discussions as needed.
• Conducting in-depth analysis of community insights, such as content performance and user behavior, and employing strategies to enhance community participation through engaging content and events.
• Creating official announcements and notices on social media platforms to keep our player community informed.
• Strategically plan and create engaging community posts and content.
• Plan and execute community events, and activities to maintain player interest and engagement.
• Led the planning, direction, and appearance of multimedia content creation, catering to the diverse needs and preferences of the gaming community.
• Creating Content Aligned with the Unique Preferences of the Gaming Audience Across Diverse Game Genres.
• Defining a comprehensive strategy for SNS (social media) platforms, including Facebook, game guides, and promotional videos.
• Active involvement in content planning, appearance, and production, ensuring a consistent and captivating online presence.

• 글로벌 게임 커뮤니티 채널의 전략적 기획 및 효율적 관리
• 긍정적이고 유저 참여도가 높은 커뮤니티 환경을 조성하기 위한 채널 모니터링 및 이슈 해결
• Contents Performance/User Behavior 등의 분석을 통해 다양한 이벤트 전략 수립  
• Social Media 플랫폼을 활용한 다양한 게시물 작성 및 전략 수립
• User Retention 확대를 위한 콘텐츠 기획 및 제작",,,,"건강검진지원, 50명이하, 커피·스낵바, 설립3년이하, 워크샵, 경기도 우수 중소기업",상시채용,,서울 서초구,글로하우홀딩스연락사무소
하이퍼캐주얼 게임 기획자,"Welcome to Supercent!

슈퍼센트는 ‘특별한 가치를 지닌 동전’이라는 뜻으로, 광고 생태계에서 가장 작은 경제 단위인 Cent를 거대한 산처럼 쌓아 올리는 것을 핵심 가치로 삼고 있습니다. 우리는 시장의 모든 트렌드와 유저들의 소비 패턴을 분석하여 발견한 재미요소를 게임에 녹이는 전략으로 글로벌 시장을 돌파하고 있습니다.

2021년 3월 법인 설립 이후, 슈퍼센트는 현재까지 누적 5억 다운로드와 매출 1,200억 원을 달성하였습니다. 현재 슈퍼센트는 23년 이후 국내 1위 앱 퍼블리셔이자, 23년 이후 출시된 게임 기준 전 세계 1위 게임 퍼블리셔로 누구보다 빠르게 성장하고 있습니다.

슈퍼센트의 대표 게임들은 양대 앱 마켓에서 전 세계 1위를 기록하며, 최고의 성공 경험을 쌓아가고 있습니다. 23년 1분기에 런칭한 “버거 플리즈!“는 당해년도 출시된 앱들 중 전 세계 다운로드 3위를 기록하였고, 후속작 “피자 레디” 역시 2024년 4월 누적 다운로드 1억을 돌파하며 전 세계 게임 월간 순위 1위에 올랐습니다. 이 외에도 “아울렛 러쉬“, “슈퍼 슬라임“, “스네이크 클래시” 등 많은 게임들이 각각 수천만 다운로드를 달성하며 성공을 이어가고 있습니다.


슈퍼센트와 함께 새로운 즐거움을 발명하실 분을 두 팔 벌려 환영합니다!","• 하이퍼캐주얼 게임의 신규 시스템/콘텐츠 개발 기획
• 게임 시장 트렌드 분석, 유저 피드백 및 게임 지표 데이터에 기반한 게임 디자인
• 신규 또는 기존 게임의 레벨 디자인 설계 및 밸런스 조정","• 하이퍼캐주얼 게임의 신규 시스템/콘텐츠 개발 기획
• 게임 시장 트렌드 분석, 유저 피드백 및 게임 지표 데이터에 기반한 게임 디자인
• 신규 또는 기존 게임의 레벨 디자인 설계 및 밸런스 조정",,,,"식대지원, 커피·스낵바, 건강검진지원, 무제한연차, 51~300명, 누적투자100억이상, 설립3년이하, 인원 급성장",상시채용,"신속 간결한 스타일, 과정 중심 질문, 천천히 기다려준 편, 자유롭고 편한 환경",서울 송파구,슈퍼센트
게임 R&D 프로그래머,"Welcome to Supercent!

슈퍼센트는 ‘특별한 가치를 지닌 동전’이라는 뜻으로, 광고 생태계에서 가장 작은 경제 단위인 Cent를 거대한 산처럼 쌓아 올리는 것을 핵심 가치로 삼고 있습니다. 우리는 시장의 모든 트렌드와 유저들의 소비 패턴을 분석하여 발견한 재미요소를 게임에 녹이는 전략으로 글로벌 시장을 돌파하고 있습니다.

2021년 3월 법인 설립 이후, 슈퍼센트는 현재까지 누적 5억 다운로드와 매출 1,200억 원을 달성하였습니다. 현재 슈퍼센트는 23년 이후 국내 1위 앱 퍼블리셔이자, 23년 이후 출시된 게임 기준 전 세계 1위 게임 퍼블리셔로 누구보다 빠르게 성장하고 있습니다.

슈퍼센트의 대표 게임들은 양대 앱 마켓에서 전 세계 1위를 기록하며, 최고의 성공 경험을 쌓아가고 있습니다. 23년 1분기에 런칭한 “버거 플리즈!“는 당해년도 출시된 앱들 중 전 세계 다운로드 3위를 기록하였고, 후속작 “피자 레디” 역시 2024년 4월 누적 다운로드 1억을 돌파하며 전 세계 게임 월간 순위 1위에 올랐습니다. 이 외에도 “아울렛 러쉬“, “슈퍼 슬라임“, “스네이크 클래시” 등 많은 게임들이 각각 수천만 다운로드를 달성하며 성공을 이어가고 있습니다.


슈퍼센트와 함께 새로운 즐거움을 발명하실 분을 두 팔 벌려 환영합니다!","• 슈퍼센트의 모든 프로젝트에서 사용할 비지니스 로직 제작
• 슈퍼센트의 모든 프로젝트에서 사용할 공용 모듈 및 라이브러리 제작
• 슈퍼센트의 모든 프로젝트 최적화 및 기술지원
• 인/아웃 게임 시스템 제작 및 모듈화
• 게임 제작에 필요한 신기술 R&D 및 사내 전파","• 슈퍼센트의 모든 프로젝트에서 사용할 비지니스 로직 제작
• 슈퍼센트의 모든 프로젝트에서 사용할 공용 모듈 및 라이브러리 제작
• 슈퍼센트의 모든 프로젝트 최적화 및 기술지원
• 인/아웃 게임 시스템 제작 및 모듈화
• 게임 제작에 필요한 신기술 R&D 및 사내 전파",,,,"식대지원, 커피·스낵바, 건강검진지원, 무제한연차, 51~300명, 누적투자100억이상, 설립3년이하, 인원 급성장",상시채용,"신속 간결한 스타일, 과정 중심 질문, 천천히 기다려준 편, 자유롭고 편한 환경",서울 송파구,슈퍼센트
하이브리드 게임 클라이언트 개발자,"Welcome to Supercent!

슈퍼센트는 ‘특별한 가치를 지닌 동전’이라는 뜻으로, 광고 생태계에서 가장 작은 경제 단위인 Cent를 거대한 산처럼 쌓아 올리는 것을 핵심 가치로 삼고 있습니다. 우리는 시장의 모든 트렌드와 유저들의 소비 패턴을 분석하여 발견한 재미요소를 게임에 녹이는 전략으로 글로벌 시장을 돌파하고 있습니다.

2021년 3월 법인 설립 이후, 슈퍼센트는 현재까지 누적 5억 다운로드와 매출 1,200억 원을 달성하였습니다. 현재 슈퍼센트는 23년 이후 국내 1위 앱 퍼블리셔이자, 23년 이후 출시된 게임 기준 전 세계 1위 게임 퍼블리셔로 누구보다 빠르게 성장하고 있습니다.

슈퍼센트의 대표 게임들은 양대 앱 마켓에서 전 세계 1위를 기록하며, 최고의 성공 경험을 쌓아가고 있습니다. 23년 1분기에 런칭한 “버거 플리즈!“는 당해년도 출시된 앱들 중 전 세계 다운로드 3위를 기록하였고, 후속작 “피자 레디” 역시 2024년 4월 누적 다운로드 1억을 돌파하며 전 세계 게임 월간 순위 1위에 올랐습니다. 이 외에도 “아울렛 러쉬“, “슈퍼 슬라임“, “스네이크 클래시” 등 많은 게임들이 각각 수천만 다운로드를 달성하며 성공을 이어가고 있습니다.


슈퍼센트와 함께 새로운 즐거움을 발명하실 분을 두 팔 벌려 환영합니다!","• 신규 하이브리드 캐주얼 게임 클라이언트 개발
• 신규 / 라이브 게임의 구조 설계 및 최적화
• 아이디어 발굴/기획/개발 전반적인 과정에 참여하여 게임 제작","• 신규 하이브리드 캐주얼 게임 클라이언트 개발
• 신규 / 라이브 게임의 구조 설계 및 최적화
• 아이디어 발굴/기획/개발 전반적인 과정에 참여하여 게임 제작",,,,"식대지원, 커피·스낵바, 건강검진지원, 무제한연차, 51~300명, 누적투자100억이상, 설립3년이하, 인원 급성장",상시채용,"신속 간결한 스타일, 과정 중심 질문, 천천히 기다려준 편, 자유롭고 편한 환경",서울 송파구,슈퍼센트
게임 3D 디자이너,"Welcome to Supercent!

슈퍼센트는 ‘특별한 가치를 지닌 동전’이라는 뜻으로, 광고 생태계에서 가장 작은 경제 단위인 Cent를 거대한 산처럼 쌓아 올리는 것을 핵심 가치로 삼고 있습니다. 우리는 시장의 모든 트렌드와 유저들의 소비 패턴을 분석하여 발견한 재미요소를 게임에 녹이는 전략으로 글로벌 시장을 돌파하고 있습니다.

2021년 3월 법인 설립 이후, 슈퍼센트는 현재까지 누적 5억 다운로드와 매출 1,200억 원을 달성하였습니다. 현재 슈퍼센트는 23년 이후 국내 1위 앱 퍼블리셔이자, 23년 이후 출시된 게임 기준 전 세계 1위 게임 퍼블리셔로 누구보다 빠르게 성장하고 있습니다.

슈퍼센트의 대표 게임들은 양대 앱 마켓에서 전 세계 1위를 기록하며, 최고의 성공 경험을 쌓아가고 있습니다. 23년 1분기에 런칭한 “버거 플리즈!“는 당해년도 출시된 앱들 중 전 세계 다운로드 3위를 기록하였고, 후속작 “피자 레디” 역시 2024년 4월 누적 다운로드 1억을 돌파하며 전 세계 게임 월간 순위 1위에 올랐습니다. 이 외에도 “아울렛 러쉬“, “슈퍼 슬라임“, “스네이크 클래시” 등 많은 게임들이 각각 수천만 다운로드를 달성하며 성공을 이어가고 있습니다.


슈퍼센트와 함께 새로운 즐거움을 발명하실 분을 두 팔 벌려 환영합니다!","• 게임 아트 리소스 제작
• 신규 게임 아이디에이션 및 아트 기획","• 게임 아트 리소스 제작
• 신규 게임 아이디에이션 및 아트 기획",,,,"3D, Adobe Photoshop, 3D 모델링, Adobe Illustrator, 3D 그래픽, Unity3D",,,서울 송파구,슈퍼센트
하이퍼캐주얼 게임 클라이언트 개발자,"Welcome to Supercent!

슈퍼센트는 ‘특별한 가치를 지닌 동전’이라는 뜻으로, 광고 생태계에서 가장 작은 경제 단위인 Cent를 거대한 산처럼 쌓아 올리는 것을 핵심 가치로 삼고 있습니다. 우리는 시장의 모든 트렌드와 유저들의 소비 패턴을 분석하여 발견한 재미요소를 게임에 녹이는 전략으로 글로벌 시장을 돌파하고 있습니다.

2021년 3월 법인 설립 이후, 슈퍼센트는 현재까지 누적 5억 다운로드와 매출 1,200억 원을 달성하였습니다. 현재 슈퍼센트는 23년 이후 국내 1위 앱 퍼블리셔이자, 23년 이후 출시된 게임 기준 전 세계 1위 게임 퍼블리셔로 누구보다 빠르게 성장하고 있습니다.

슈퍼센트의 대표 게임들은 양대 앱 마켓에서 전 세계 1위를 기록하며, 최고의 성공 경험을 쌓아가고 있습니다. 23년 1분기에 런칭한 “버거 플리즈!“는 당해년도 출시된 앱들 중 전 세계 다운로드 3위를 기록하였고, 후속작 “피자 레디” 역시 2024년 4월 누적 다운로드 1억을 돌파하며 전 세계 게임 월간 순위 1위에 올랐습니다. 이 외에도 “아울렛 러쉬“, “슈퍼 슬라임“, “스네이크 클래시” 등 많은 게임들이 각각 수천만 다운로드를 달성하며 성공을 이어가고 있습니다.


슈퍼센트와 함께 새로운 즐거움을 발명하실 분을 두 팔 벌려 환영합니다!","• 신규 하이퍼 캐주얼 게임 클라이언트 개발
• 신규 / 라이브 게임의 구조 설계 및 최적화
• 아이디어 발굴/기획/개발 전반적인 과정에 참여하여 게임 제작","• 신규 하이퍼 캐주얼 게임 클라이언트 개발
• 신규 / 라이브 게임의 구조 설계 및 최적화
• 아이디어 발굴/기획/개발 전반적인 과정에 참여하여 게임 제작",,,,"C#, Unity3D",,,서울 송파구,슈퍼센트
하이브리드 캐주얼 게임 기획자,"Welcome to Supercent!

슈퍼센트는 ‘특별한 가치를 지닌 동전’이라는 뜻으로, 광고 생태계에서 가장 작은 경제 단위인 Cent를 거대한 산처럼 쌓아 올리는 것을 핵심 가치로 삼고 있습니다. 우리는 시장의 모든 트렌드와 유저들의 소비 패턴을 분석하여 발견한 재미요소를 게임에 녹이는 전략으로 글로벌 시장을 돌파하고 있습니다.

2021년 3월 법인 설립 이후, 슈퍼센트는 현재까지 누적 5억 다운로드와 매출 1,200억 원을 달성하였습니다. 현재 슈퍼센트는 23년 이후 국내 1위 앱 퍼블리셔이자, 23년 이후 출시된 게임 기준 전 세계 1위 게임 퍼블리셔로 누구보다 빠르게 성장하고 있습니다.

슈퍼센트의 대표 게임들은 양대 앱 마켓에서 전 세계 1위를 기록하며, 최고의 성공 경험을 쌓아가고 있습니다. 23년 1분기에 런칭한 “버거 플리즈!“는 당해년도 출시된 앱들 중 전 세계 다운로드 3위를 기록하였고, 후속작 “피자 레디” 역시 2024년 4월 누적 다운로드 1억을 돌파하며 전 세계 게임 월간 순위 1위에 올랐습니다. 이 외에도 “아울렛 러쉬“, “슈퍼 슬라임“, “스네이크 클래시” 등 많은 게임들이 각각 수천만 다운로드를 달성하며 성공을 이어가고 있습니다.


슈퍼센트와 함께 새로운 즐거움을 발명하실 분을 두 팔 벌려 환영합니다!","• 하이브리드 캐주얼 게임의 신규 시스템/콘텐츠 개발 기획
• 게임 시장 트렌드 분석, 유저 피드백 및 게임 지표 데이터에 기반한 게임 디자인
• 신규 또는 기존 게임의 레벨 디자인 설계 및 밸런스 조정
• 캐주얼 RPG / 방치형 RPG 게임 기획 및 콘텐츠 순환 구조 설계","• 하이브리드 캐주얼 게임의 신규 시스템/콘텐츠 개발 기획
• 게임 시장 트렌드 분석, 유저 피드백 및 게임 지표 데이터에 기반한 게임 디자인
• 신규 또는 기존 게임의 레벨 디자인 설계 및 밸런스 조정
• 캐주얼 RPG / 방치형 RPG 게임 기획 및 콘텐츠 순환 구조 설계",,,,"식대지원, 커피·스낵바, 건강검진지원, 무제한연차, 51~300명, 누적투자100억이상, 설립3년이하, 인원 급성장",상시채용,"신속 간결한 스타일, 과정 중심 질문, 천천히 기다려준 편, 자유롭고 편한 환경",서울 송파구,슈퍼센트
[Devs United Games] 서버 프로그래머,"[Devs United Games] 서버 프로그래머
지원 자격 : 경력 3년 이상
채용 직급, 직책 : 대리급, 과장급
급여 조건 : 면접 시 협의


＜Global No.1으로 성장할 VR 게임 스튜디오, 데브즈 유나이티드 게임즈＞

Devs United Games는 2016년에 설립된 XR 개발 스튜디오로, 매출 기준 아시아 태평양 지역에서 1위를 차지한 스타트업입니다.
대표작인 Real VR Fishing은 국내 최초로 오큘러스 퀘스트 스토어에 입점하였으며, 누적 매출 1,600만 달러(약 200억 원)를 기록한 글로벌 히트작입니다.
이 게임은 사실적인 그래픽과 힐링의 경험을 제공하여 전 세계 유저들에게 큰 사랑을 받고 있으며, 이를 바탕으로 2019년 이후 꾸준히 흑자를 달성하고 있습니다.

지난 6년 동안 DUG 팀은 놀라운 성장을 이뤄냈으며, 상상하지 못했던 발전을 이루었습니다.
이러한 성과를 바탕으로 2021년 소프트뱅크벤처스로부터 20억 원의 투자를 유치하였고, Statista 선정 2024년 대한민국 성장 챔피언(여가/엔터테인먼트 부문) 1위, Financial Times 선정 아시아 태평양 고성장 기업(여가/엔터테인먼트 부문) 2위를 기록했습니다.

DUG는 메타 등 글로벌 빅테크 기업들과 긴밀한 파트너십을 맺고 있으며, 이를 통해 다양한 성장 기회를 제공하고 있습니다.

DUG는 새로운 도약을 앞두고 있습니다.
XR 시대에서 누구나 즐길 수 있는 고품질의 XR 경험을 선보이며, 새로운 문법으로 XR 시장을 선도하고자 합니다.

XR 시장이 성장은 자명합니다.
그 증거로, 애플, 구글, 삼성과 같은 유수의 거대 기업들이 XR 시장에 뛰어들고 있습니다.

이 시장의 커다란 변화에 맞춰, 새로운 미래를 만들어 갈 Pioneer를 찾고 있습니다.
DUG와 함께 XR 시장의 선두주자로서 도전할 분들을 모십니다.
제 2의 DUG의 시작과 함께, 새로운 분야를 개척해 나가고 싶습니다.


＜이런 분들을 찾습니다＞

• XR시장에서 팀과 함께 성장하며 큰 임팩트를 만들고자 하는, 강한 의지를 가진 분
• 현재에 안주하지 않고, 도전적인 목표를 설정하고 팀의 비전에 맞춰 주도적으로 실행할 수 있는 분
• 도전 앞에 굴하지 않고 끈기있게 목표를 달성하는 분
• 고객의 마음을 이해하고 그들의 요구를 실현할 수 있는 분
• 탁월한 역량과 높은 책임감으로 팀의 신뢰를 얻을 수 있는 분

창업에 버금가는 도전이 될 것입니다.
결코 쉽지 않겠지만, 함께하는 여러분에게는 커리어에서 가장 의미 있고 중요한 도전 중 하나가 될 것입니다.
특히 다가오는 XR 시대에는 더 이상 남을 따라가는 것이 아닌, 우리 스스로 시장을 이끌어 나갈 수 있는 기회를 얻게 될 것이라고 확신합니다.

XR 시장의 미래를 바꾸고 싶은, 바꾸어 나갈 당신과 함께하고 싶습니다.


＜ DUG에 대한 뉴스 기사 ＞

• South Korean virtual reality fishing game reels in 1mn users","• Spatial Computing(XR) 프로젝트의 게임 서버 개발 및 유지 보수
• API 설계 및 구현, 성능 개선 작업
• 장애 대응 및 시스템 모니터링","• Spatial Computing(XR) 프로젝트의 게임 서버 개발 및 유지 보수
• API 설계 및 구현, 성능 개선 작업
• 장애 대응 및 시스템 모니터링",,,,"건강검진지원, 사내동호회, 50명이하, 설립4~9년, 아시아·태평양 고성장, 인원 급성장",상시채용,,서울 강남구,데브즈유나이티드게임즈
[Devs United Games] 클라이언트 프로그래머,"[Devs United Games] 클라이언트 프로그래머

• 지원 자격 : 신입 ~ 3년
• 채용직급,직책 : 사원급
• 급여 조건 : 4천만~


＜ Global No.1으로 성장할 VR 게임 스튜디오, 데브즈 유나이티드 게임즈＞

Devs United Games는 2016년에 설립된 XR 개발 스튜디오로, 매출 기준 아시아 태평양 지역에서 1위를 차지한 스타트업입니다.
대표작인 Real VR Fishing은 국내 최초로 오큘러스 퀘스트 스토어에 입점하였으며, 누적 매출 1,600만 달러(약 200억 원)를 기록한 글로벌 히트작입니다.
이 게임은 사실적인 그래픽과 힐링의 경험을 제공하여 전 세계 유저들에게 큰 사랑을 받고 있으며, 이를 바탕으로 2019년 이후 꾸준히 흑자를 달성하고 있습니다.

지난 6년 동안 DUG 팀은 놀라운 성장을 이뤄냈으며, 상상하지 못했던 발전을 이루었습니다.
이러한 성과를 바탕으로 2021년 소프트뱅크벤처스로부터 20억 원의 투자를 유치하였고, Statista 선정 2024년 대한민국 성장 챔피언(여가/엔터테인먼트 부문) 1위, Financial Times 선정 아시아 태평양 고성장 기업(여가/엔터테인먼트 부문) 2위를 기록했습니다.

DUG는 메타 등 글로벌 빅테크 기업들과 긴밀한 파트너십을 맺고 있으며, 이를 통해 다양한 성장 기회를 제공하고 있습니다.

DUG는 새로운 도약을 앞두고 있습니다.
XR 시대에서 누구나 즐길 수 있는 고품질의 XR 경험을 선보이며, 새로운 문법으로 XR 시장을 선도하고자 합니다.

XR 시장이 성장은 자명합니다.
그 증거로, 애플, 구글, 삼성과 같은 유수의 거대 기업들이 XR 시장에 뛰어들고 있습니다.

이 시장의 커다란 변화에 맞춰, 새로운 미래를 만들어 갈 Pioneer를 찾고 있습니다.
DUG와 함께 XR 시장의 선두주자로서 도전할 분들을 모십니다.
제 2의 DUG의 시작과 함께, 새로운 분야를 개척해 나가고 싶습니다.


＜이런 분들을 찾습니다＞

• XR시장에서 팀과 함께 성장하며 큰 임팩트를 만들고자 하는, 강한 의지를 가진 분
• 현재에 안주하지 않고, 도전적인 목표를 설정하고 팀의 비전에 맞춰 주도적으로 실행할 수 있는 분
• 도전 앞에 굴하지 않고 끈기있게 목표를 달성하는 분
• 고객의 마음을 이해하고 그들의 요구를 실현할 수 있는 분
• 탁월한 역량과 높은 책임감으로 팀의 신뢰를 얻을 수 있는 분

창업에 버금가는 도전이 될 것입니다.
결코 쉽지 않겠지만, 함께하는 여러분에게는 커리어에서 가장 의미 있고 중요한 도전 중 하나가 될 것입니다.
특히 다가오는 XR 시대에는 더 이상 남을 따라가는 것이 아닌, 우리 스스로 시장을 이끌어 나갈 수 있는 기회를 얻게 될 것이라고 확신합니다.

XR 시장의 미래를 바꾸고 싶은, 바꾸어 나갈 당신과 함께하고 싶습니다.


＜ DUG에 대한 뉴스 기사 ＞

• South Korean virtual reality fishing game reels in 1mn users","Unity 를 활용하여 Spatial Computing(XR) 클라이언트 개발
Spatial Computing(XR) 관련 기술 R&D","Unity 를 활용하여 Spatial Computing(XR) 클라이언트 개발
Spatial Computing(XR) 관련 기술 R&D",,,,"건강검진지원, 사내동호회, 50명이하, 설립4~9년, 아시아·태평양 고성장, 인원 급성장",상시채용,,서울 강남구,데브즈유나이티드게임즈
[FC Mobile Korea] 게임시스템/이벤트/유료화 기획 담당자,"Electronic Arts Inc.는 세계를 선도하는 인터랙티브 엔터테인먼트 소프트웨어 기업입니다. EA는 인터넷 콘솔, 개인용 컴퓨터, 휴대전화, 태블릿용 게임과 콘텐츠 및 온라인 서비스를 제공합니다.","• 게임 feature/system 기획
• 라이브 이벤트/상품 기획
• 라이브 업데이트 지원/라이브 이슈 대응","• 게임 feature/system 기획
• 라이브 이벤트/상품 기획
• 라이브 업데이트 지원/라이브 이슈 대응",,,,"사내동호회, 편의시설, 유급휴가, 연봉상위2~5%, 51~300명, AI 선도 기업, 인원 급성장, 설립10년이상, 출산휴가, 건강검진지원",상시채용,"신속 간결한 스타일, 과정 중심 질문, 친절/따뜻한 스타일, 자유롭고 편한 환경",서울 강남구,Electronic Arts Korea (EA Korea)
Unity Client Engineer,"Avatar Life Beyond Your Universe
가능성을 뛰어넘은 세상을 만들어 가는 Cocone M!

우리는 사람들의 삶과 이상을 연결합니다.
코코네 M이 만든 Digital World에서 무엇이든 누구든 될 수 있는 완전히 새로운 Life를 선사합니다.
Virtual Life에서 당신의 이상을 실현해보세요!

우리는 세상과 연결되는 새로운 방법을 그리고 있습니다.
혁신적인 기술과 글로벌 커뮤니티를 바탕으로, 가능성을 넘어 이전에 없던 Digital World를 창조해 갑니다.


[우리 팀을 소개합니다!]
Cocone Engineering은 아바타 소셜 네트워크 분야에서 일본을 비롯한 글로벌 시장에서 주목을 받고 있는 코코네 그룹의 핵심적인 개발 조직입니다.
코코네 그룹은, 혁신적인 디지털 월드를 목표로 아바타와 소셜 네트워크를 조합한 독자적인 서비스와 게임 서비스를 제공하는 것으로, 전세계의 유저에게 새로운 경험을 전달하고 있습니다.
우리는, 코코네 그룹의 비전 실현에 있어서 중요한 역할을 완수해, 최신 기술과 창조적인 접근으로 지속 가능한 성장과 혁신을 추구하고 있습니다.
신속하고 안정적인 서비스 개발을 통해 고객의 기대를 뛰어넘는 서비스를 제공하고 기술로 더 나은 미래를 창조하는 것을 목표로 하고 있습니다.
2008년에 창업해, 성장을 계속하고 있는 코코네 그룹의 엔진으로서, 우리는 여러가지 기술적인 도전과 기회를 받아 들여 이노베이션을 추진해, 전세계의 유저와 연결되는 풍부한 디지털 체험을 창출하고 있습니다.","•Unity를 활용하여 스마트폰 앱 설계/개발/테스트/운영/보수 작업 진행
•운영/기획안에 대하여 엔지니어 관점에서의 제안(실현성, 개발공수, 사양개선 제안)

게임 서비스를 담당하게 될 경우에는  아래의 업무를 진행합니다.
•게임 플레이 데이터 관리 및 성능 최적화
•클라이언트 로직, 매치 메이킹, 랭킹 시스템 설계 및 구현
•네트워크 성능 최적화 및 보안 강화
•서버팀과 연계하여 안정적인 게임 플레이 환경 제공

*경험 및 프로젝트 상황에 따라 Cocos2d-x를 이용한 프로젝트를 지원하는 경우도 있으며, 서울 뿐만 아니라 코코네 그룹 (도쿄/후쿠오카) 글로벌 거점의 프로젝트에도 참가할 수 있습니다.","•Unity를 활용하여 스마트폰 앱 설계/개발/테스트/운영/보수 작업 진행
•운영/기획안에 대하여 엔지니어 관점에서의 제안(실현성, 개발공수, 사양개선 제안)

게임 서비스를 담당하게 될 경우에는  아래의 업무를 진행합니다.
•게임 플레이 데이터 관리 및 성능 최적화
•클라이언트 로직, 매치 메이킹, 랭킹 시스템 설계 및 구현
•네트워크 성능 최적화 및 보안 강화
•서버팀과 연계하여 안정적인 게임 플레이 환경 제공

*경험 및 프로젝트 상황에 따라 Cocos2d-x를 이용한 프로젝트를 지원하는 경우도 있으며, 서울 뿐만 아니라 코코네 그룹 (도쿄/후쿠오카) 글로벌 거점의 프로젝트에도 참가할 수 있습니다.",,,,"Git, Github, C#, JavaScript, Python, C, C++, Xcode, Unity3D, HLSL",,,서울 종로구,코코네엠(coconeM)
[운빨존많겜] 2D 게임 그래픽 디자이너,"111퍼센트는 재미라는 본질에 집중합니다.
재미는 심플하고, 참신한 룰에서 나옵니다.

바둑이 흑과 백, 두가지 돌과 심플한 룰로 약 5,000년 동안 인류를 즐겁게 했고,
랜덤 다이스 디펜스가 주사위와 참신한 룰로 약 2,500만 유저를 즐겁게 했듯,
재미있는 게임은 기획부터 런칭까지 6개월이면 충분합니다.

공감 : 111퍼센트만의 개발 속도와 방향성에 깊이 공감하고, 변화에 민첩하게 대응합니다.
도전 : 실패를 두려워 하지 않고, 그 과정을 발판삼아 한단계 성장하여, 다음 도전에서는 성공가능성을 높입니다.
몰입 : 매우 깊고 밀도 있는 몰입으로 매 순간 최고의 속도를 내며 우리의 성공을 앞당깁니다.

111퍼센트는 위 핵심가치를 따라 매번 최고의 속도를 내며 계속해서 도전하고 있습니다.
변화와 실패를 두려워하지 않고, 빠르고 깊은 몰입을 통해 세상에 없던 재미를 개발하고 싶으신 분들을 두 팔 벌려 환영합니다.



* 채용 전형
서류 전형 ＞ 코딩테스트 전형 ＞ 1차 인터뷰 ＞ 2차 인터뷰 ＞ 처우 협상 ＞ 최종합격

* 고용 형태
• 정규직(수습기간 3개월)

* 파일 첨부할 경우 PDF파일로 첨부해주세요.


111퍼센트 운빨팀 소개
111퍼센트의 운빨팀은 실시간 협동 디펜스 게임인 운빨존많겜을 개발하고 업데이트하며
더 높은 목표 달성을 위해 끊임없이 도전하고 성장하는 조직입니다.

우리는 단순한 업데이트를 넘어서 유저의 재미를 최우선으로 생각하며,
유저의 관점에서 고민하고 피드백을 적극적으로 반영하여 최고의 컨텐츠를 제작하고 있습니다.
팀원 모두가 각자의 전문성을 발휘하면서도 다양한 분야의 지식을 함께 공유하며, 서로 긴밀하게 협업하는 팀입니다.
피드백이 활발하고 소통이 자유로운 환경에서 언제나 즐겁고 창의적으로 게임을 만들고 있습니다.

우리는 새로운 시각과 아이디어를 끊임없이 추구하며, 유저들에게 시각적 즐거움을 선사하는 도파민이 넘치는 2D 게임을 함께 만들어갈 디자이너를 기다립니다.
빠르게 성장하고 싶은 열정적인 2D 그래픽 디자이너라면, 지금 도전하세요!","• 운빨존많겜에서 적용 가능한 캐릭터 및 배경 리소스 등 담당 프로젝트의 아트 전반을 제작합니다.
• 유저에게 흥미를 유발할 개성 있는 게임 아트 컨셉 설정 및 캐릭터를 디자인합니다.
• Unity를 이용하여 키 프레임 애니메이션을 제작합니다.","• 운빨존많겜에서 적용 가능한 캐릭터 및 배경 리소스 등 담당 프로젝트의 아트 전반을 제작합니다.
• 유저에게 흥미를 유발할 개성 있는 게임 아트 컨셉 설정 및 캐릭터를 디자인합니다.
• Unity를 이용하여 키 프레임 애니메이션을 제작합니다.",,,,"편의시설, 건강검진지원, 커피·스낵바, 식대지원, 연봉상위11~20%, 51~300명, 설립4~9년",상시채용,"신속 간결한 스타일, 과정 중심 질문, 진중/칼같은 스타일, 캐주얼/편한 분위기",서울 강남구,111퍼센트
창세기전 일본어 서비스 담당자,"'라인 게임즈'는 재미있는 게임을 만드는 사람들 입니다.
매일같이 쏟아지는 수 많은 게임 콘텐츠의 홍수 속에 유저들에게 사랑 받는 게임을 만드는 일은 쉽지 않습니다.
차별화된 재미와 가치를 주는 게임회사로 거듭나 누군가에게 `감동`을 주고, 누군가의 `추억`이되고, `재미`를 선사하는 같은 꿈을 꾸는 사람들을 환영합니다.","• 개발사 및 유관 부서 커뮤니케이션
• 업데이트 및 빌드, 이벤트, 일정 등 게임 프로젝트 서비스 관리
• 게임 지표 관리 및 데이터 분석을 통한 대응 전략 도출
• 일본어 커뮤니티 기획/운영
• 일본어 고객지원","• 개발사 및 유관 부서 커뮤니케이션
• 업데이트 및 빌드, 이벤트, 일정 등 게임 프로젝트 서비스 관리
• 게임 지표 관리 및 데이터 분석을 통한 대응 전략 도출
• 일본어 커뮤니티 기획/운영
• 일본어 고객지원",,,,"편의시설, 건강검진지원, 유급휴가, 자기계발지원, 식대지원, 51~300명, AI 선도 기업, 연봉상위6~10%, 설립10년이상, 워크샵",상시채용,"빠른 속도감, 과정 중심 질문, 친절/따뜻한 스타일, 자유롭고 편한 환경",서울 강남구,라인게임즈
미니게임 PM,"고픽커뮤니케이션은
온라인 게임 적중 분석 분야에서 선두를 달리고 있는 스타트업 입니다.
다양한 게임을 분석하여 유용한 정보와 통찰력을 제공하여 게임 업계 발전에 기여하고자 합니다.
체계적 분석을 통해 유저들의 스마트한 선택을 돕고, 높은 적중률을 이끌어내는데 주력합니다.
또한 재미와 유익함을 결합한 캐주얼 미니게임을 통해 새로운 즐거움을 제공합니다.

현재 우리는
- 빅데이터 분석과 인공지능(AI)기술을 접목하여 게임 분석 서비스를 발전시키고 있습니다.
- 각종 게임들의 트렌드, 확률, 전략 등을 분석하여 게임을 더 효율적으로 즐길 수 있도록 돕습니다.
- 커뮤니티 사용자, 플레이어들이 높은 적중률을 가질 수 있도록 전문적인 조언, 분석을 제공합니다.

Gopick Culture
영어닉네임 호칭으로 누구나 자유롭게 의견을 제시 하며 상호 존중과 투명한 조직 문화를 위해 끊임없이 노력합니다.
명확하고 진정성 있는 피드백을 통해 효율적, 민첩한 업무 문화를 만들어 갑니다.","[팀 소개]
당사가 운영중인 미니 게임의 개선점 제시를 통해 함께 고도화를 진행하실 새로운 
멤버를 모십니다. 현재 좋은 멤버들이 구성되어 있으며 긍정적인 팀워크를 자랑합니다.
저희의 문제점을 함께 분석하고 앞으로의 방향성을 이야기 하며 나아갈 수 있었으면 합니다.

[담당업무]
• 미니게임, 파워볼 산업에 전반적인 지식과 노하우, 경험이 있으신 분
• 외주 개발사와의 적극적인 커뮤니케이션 (트러블 슈팅, 개선점 제시)
• 업계/시장분석 및 인사이트 제시
• 유관부서, 파트너사 협업 전반","[팀 소개]
당사가 운영중인 미니 게임의 개선점 제시를 통해 함께 고도화를 진행하실 새로운 
멤버를 모십니다. 현재 좋은 멤버들이 구성되어 있으며 긍정적인 팀워크를 자랑합니다.
저희의 문제점을 함께 분석하고 앞으로의 방향성을 이야기 하며 나아갈 수 있었으면 합니다.

[담당업무]
• 미니게임, 파워볼 산업에 전반적인 지식과 노하우, 경험이 있으신 분
• 외주 개발사와의 적극적인 커뮤니케이션 (트러블 슈팅, 개선점 제시)
• 업계/시장분석 및 인사이트 제시
• 유관부서, 파트너사 협업 전반",,,,"유망산업, 커피·스낵바, 식대지원, 자기계발지원, 보너스, 50명이하, 연봉상위6~10%, 설립3년이하, 인원 급성장, 경기도 우수 중소기업",2024.10.27,,경기 성남시,고픽커뮤니케이션
클럽베가스 클라이언트 개발자,"* 베이글코드를 소개합니다.
베이글코드는 글로벌 시장을 무대로 빠르게 성장하고 있는 모바일 게임 기업입니다.
베이글코드는 '글로벌, 성장, 즐거움'라는 키워드를 가지고 전 세계 사람들이 즐길 수 있는 모바일 게임을 개발하고 운영하고 있습니다. 2012년 창업 초기 때부터 현재까지 글로벌 시장에서 쌓아 온 탄탄한 데이터, AI 기술, 마케팅 역량을 바탕으로 최상의 게임 서비스를 제공하고 있습니다.
전 세계 5,000만 명이 즐기고 있는 베이글코드의 대표작으로는 클럽 베가스, 캐시 빌리어네어, 잭팟 매드니스 등이 있습니다. 특히, 클럽 베가스는 소셜카지노 평균 플레이 시간 1위를 자랑하며 2022년 미국 안드로이드 전체 매출 TOP 100에 진입하기도 했습니다. 현재 베이글코드는 소셜카지노 분야 성공 경험을 기반으로 장르 다각화를 위해 국내외 세계 곳곳에서 캐주얼 게임을 개발하고 있습니다.
베이글코드는 한국, 베트남, 이스라엘, 우크라이나에 오피스가 있고, 이 외에도 다양한 국적의 인재들이 함께 하고 있습니다. 다른 문화, 언어, 배경의 동료를 존중하며 공동의 목표를 달성하기 위해 협업합니다.
베이글코드의 2023년 매출액은 1,062억 원으로 최근 5년간 연평균 60% 고속 성장을 기록했습니다. 베이글코드는 우리의 업무가 즐거워야만 우리의 게임이 즐겁게 플레이 될 수 있다고 믿고 있습니다. 글로벌 유수의 인재들과 함께 협업할 수 있고, 더 많은 가치를 만들며 즐겁게 성장할 수 있는 베이글코드에 탑승하세요.

※ CEO Interview 영상을 통해 베이글코드에 더욱 자세히 알아보세요! -＞","이런 일을 함께하고 싶습니다.
• Unity를 사용하여 게임 클라이언트 개발
• 생산성 향상을 위한 기존 코드 분석 및 리팩토링
• 일정 규모 이상의 신규 피쳐 개발을 위한 코드 아키텍쳐 설계
• 프로젝트 내에서 제시된 난이도 있는 기술 이슈에 대한 해결
• 팀 내 다른 주니어 개발자 리드 및 팀 내 개발 문화 개선","이런 일을 함께하고 싶습니다.
• Unity를 사용하여 게임 클라이언트 개발
• 생산성 향상을 위한 기존 코드 분석 및 리팩토링
• 일정 규모 이상의 신규 피쳐 개발을 위한 코드 아키텍쳐 설계
• 프로젝트 내에서 제시된 난이도 있는 기술 이슈에 대한 해결
• 팀 내 다른 주니어 개발자 리드 및 팀 내 개발 문화 개선",,,,"식대지원, 커피·스낵바, 자기계발지원, 유망산업, 51~300명, AI 선도 기업, 연봉상위6~10%, 인원 급성장, 설립10년이상, 누적투자100억이상",2024.11.16,"신속 간결한 스타일, 과정 중심 질문, 답변을 유도해 준 편, 자유롭고 편한 환경",서울 강남구,베이글코드(Bagelcode)
GS 클라이언트 개발자,"* 베이글코드를 소개합니다.
베이글코드는 글로벌 시장을 무대로 빠르게 성장하고 있는 모바일 게임 기업입니다.
베이글코드는 '글로벌, 성장, 즐거움'라는 키워드를 가지고 전 세계 사람들이 즐길 수 있는 모바일 게임을 개발하고 운영하고 있습니다. 2012년 창업 초기 때부터 현재까지 글로벌 시장에서 쌓아 온 탄탄한 데이터, AI 기술, 마케팅 역량을 바탕으로 최상의 게임 서비스를 제공하고 있습니다.
전 세계 5,000만 명이 즐기고 있는 베이글코드의 대표작으로는 클럽 베가스, 캐시 빌리어네어, 잭팟 매드니스 등이 있습니다. 특히, 클럽 베가스는 소셜카지노 평균 플레이 시간 1위를 자랑하며 2022년 미국 안드로이드 전체 매출 TOP 100에 진입하기도 했습니다. 현재 베이글코드는 소셜카지노 분야 성공 경험을 기반으로 장르 다각화를 위해 국내외 세계 곳곳에서 캐주얼 게임을 개발하고 있습니다.
베이글코드는 한국, 베트남, 이스라엘, 우크라이나에 오피스가 있고, 이 외에도 다양한 국적의 인재들이 함께 하고 있습니다. 다른 문화, 언어, 배경의 동료를 존중하며 공동의 목표를 달성하기 위해 협업합니다.
베이글코드의 2023년 매출액은 1,062억 원으로 최근 5년간 연평균 60% 고속 성장을 기록했습니다. 베이글코드는 우리의 업무가 즐거워야만 우리의 게임이 즐겁게 플레이 될 수 있다고 믿고 있습니다. 글로벌 유수의 인재들과 함께 협업할 수 있고, 더 많은 가치를 만들며 즐겁게 성장할 수 있는 베이글코드에 탑승하세요.

※ CEO Interview 영상을 통해 베이글코드에 더욱 자세히 알아보세요! -＞","* 이런 일을 함께하고 싶습니다.      
• 유저가 즐겁게 즐길 수 있는 게임을 팀원들과 함께 개발
• 유니티를 통한 클라이언트 개발과 Typescript를 통한 게임 서버 로직 개발
• 아키텍쳐 설계 및 라이브 서비스 유지보수","* 이런 일을 함께하고 싶습니다.      
• 유저가 즐겁게 즐길 수 있는 게임을 팀원들과 함께 개발
• 유니티를 통한 클라이언트 개발과 Typescript를 통한 게임 서버 로직 개발
• 아키텍쳐 설계 및 라이브 서비스 유지보수",,,,"식대지원, 커피·스낵바, 자기계발지원, 유망산업, 51~300명, AI 선도 기업, 연봉상위6~10%, 인원 급성장, 설립10년이상, 누적투자100억이상",2024.10.31,"신속 간결한 스타일, 과정 중심 질문, 답변을 유도해 준 편, 자유롭고 편한 환경",서울 강남구,베이글코드(Bagelcode)
[위메이드XR-Legend of YMIR] 레벨링/컨텐츠 기획,"위메이드XR은 북유럽 세계관의 크로스 플랫폼 AAA급 MMORPG인 ""레전드 오브 이미르""를 개발하고 있습니다.

방대한 고대 북유럽 신화 세계관과 개성 넘치는 인물들의 흥미로운 이야기를 언리얼5 기반 하이엔드 그래픽에 담아 몰입감을 극대화합니다.
여기에 새로운 패러다임 “Play & Earn”을 접목해 시대를 선도할 MMORPG로 완성할 것입니다.

무한한 상상력을 현실로 만드는 위메이드XR과 함께 하실 분은 지원해 주세요.

#언리얼5 #크로스플랫폼 #북유럽신화 #블록체인 #MMORPG","• 대규모 PVP 지역, 던전 레벨링 기획 및 데이터 관리
• 신규 메인 컨텐츠 기획","• 대규모 PVP 지역, 던전 레벨링 기획 및 데이터 관리
• 신규 메인 컨텐츠 기획",,,,"편의시설, 단체보험, 커피·스낵바, 건강검진지원, 복지포인트, 유급휴가, 식대지원, 유망산업, 연봉상위1%, 301~1,000명, 누적투자100억이상, AI 선도 기업, 설립10년이상, 경기도 우수 중소기업",2024.12.24,"신속 간결한 스타일, 과정 중심 질문, 진중/칼같은 스타일, 자유롭고 편한 환경",경기 성남시,위메이드(WEMADE)
서비스 기획자,"[ 회사소개 ]
아더월드는 큐브 엔터테인먼트의 자회사로 도전적인 Web3 플레이어가 되기 위해 2023년 4월 디지털 사업 전문 법인으로 탄생하였습니다.

당사는 다양한 IP 기반 활용한 Web3 플랫폼(프로토콜)을 개발하는 스타트업이며, Webtoon IP와 아티스트 IP를 활용하여 팬층을 모아 글로벌 시장의 선두주자가 되는 것을 목표로 합니다.

2024년 6월, Web3 기반의 인터랙티브 콜렉팅 서비스 `나 혼자만 레벨업 : Unlimited` 클로즈 베타 서비스를 출시 하였으며, 글로벌 시장의 뜨거운 관심 속에 2024년 하반기 정식 서비스 출시를 위한 개발 작업 중에 있습니다. 아더월드에서는 `나 혼자만 레벨업` IP를 시작으로 자사가 보유한 인기 웹툰 IP의 글로벌 프로덕트 출시를 지속적으로 추진 할 예정으로, 글로벌 프로젝트에 참여 할 도전 정신 강하고, 추진력과 역량을 보유한 인재와 함께 하고자 합니다.","- Web3 블록체인 기반의 도메인 서비스 기획 (PC웹/모바일웹)
- IP 기반의 카드 수집형 프로덕트 기획 및 운영
- 서비스 전략 및 상위 기획 수립, 서비스 기획안 작성
- 요구사항 정의, 정책 수립, UX/UI 설계
- 프로덕트 일정 관리 및 이슈 대응
- Google Analytics 지표 분석 및 관리/보고
- 컨텐츠 기획 및 구조 설계","- Web3 블록체인 기반의 도메인 서비스 기획 (PC웹/모바일웹)
- IP 기반의 카드 수집형 프로덕트 기획 및 운영
- 서비스 전략 및 상위 기획 수립, 서비스 기획안 작성
- 요구사항 정의, 정책 수립, UX/UI 설계
- 프로덕트 일정 관리 및 이슈 대응
- Google Analytics 지표 분석 및 관리/보고
- 컨텐츠 기획 및 구조 설계",,,,"자기계발지원, 커피·스낵바, 유망산업, 유급휴가, 50명이하, 설립3년이하, 인원 급성장",상시채용,,서울 성동구,아더월드
Audio Designer,Audio Designer 를 모집합니다.,"Dark and Darker 게임 내 (Player, Monster, UI, Ambient) 사운드 제작 및 Wwise 미들웨어를 통한
사운드 구현","Dark and Darker 게임 내 (Player, Monster, UI, Ambient) 사운드 제작 및 Wwise 미들웨어를 통한
사운드 구현",,,,"식대지원, 편의시설, 연봉상위2~5%, 51~300명, 퇴사율6~10%, 설립3년이하, 인원 급성장, 경기도 우수 중소기업",상시채용,,경기 성남시,아이언메이스
캐주얼 RPG 게임 기획자,"폭풍 성장 중인 기업 기어세컨드에서 [캐주얼 RPG 게임 기획자]를 모집합니다.

GEAR2는 게임의 메커니즘을 기반으로 즐거움을 위한 감정과 감각, 감동을 연구하며,
압도적인 재미를 가진 최고의 게임을 만드는 것을 지향합니다.
유저들이 좋아할 수 있는 게임의 룰.
유저들이 느끼는 즐거움의 코어.
시장을 주시하며 시장의 호흡, 시장이 원하는 것, 시장에서 살아남는 방법,
씬의 본질을 연구하고 종합적이고 깊은 인사이트를 쌓으며 게임을 만들었습니다.

GEAR2가 자체 제작, 퍼블리싱한 게임 ＜슬레이어 키우기＞는 구글 플레이 매출 17위까지 오르는 기염을 토하며
역대급 흥행에 성공하였고, 방치형 키우기 게임의 새로운 지평을 열었습니다.
이를 발판으로 한 단계 진화한 인사이트와 기술, 감각을 베이스로 새로운 도약을 계획하고 있습니다.

최고의 게임을 만들기 위해 분석하고, 도전하고, 성장하면서
또 한번 이 시장에서 압도적인 승리를 함께 해나갈 멋진 동료들을 찾고 있습니다.

GEAR2에는 여전히 더 큰 가능성들이 열려 있습니다.
초기 멤버로 합류해서 저희와 함께 더 큰 성장과 승리를 만들어갈 분을 찾고 있습니다!
모든 지원과 문의를 환영합니다. 감사합니다.","이런 업무를 담당하실 예정이에요!
• 게임 트렌드 분석 및 캐주얼 게임 기획
• 라이브 운영 혹은 신규 RPG 게임 기획 업무
• 게임 기획 및 게임 데이터 시트  작성 및 관리
• 신규게임, 기존 게임에 대한 레벨 및 컨텐츠 추가, 난이도 조정 및 기획
• 컨셉 선정, 시스템 설계 및 밸런스, 출시 등 전반적인 게임 기획 업무
• 플레이 테스트, 피드백 및 라이브 지표를 기반으로 게임 디자인 개선 및 조정","이런 업무를 담당하실 예정이에요!
• 게임 트렌드 분석 및 캐주얼 게임 기획
• 라이브 운영 혹은 신규 RPG 게임 기획 업무
• 게임 기획 및 게임 데이터 시트  작성 및 관리
• 신규게임, 기존 게임에 대한 레벨 및 컨텐츠 추가, 난이도 조정 및 기획
• 컨셉 선정, 시스템 설계 및 밸런스, 출시 등 전반적인 게임 기획 업무
• 플레이 테스트, 피드백 및 라이브 지표를 기반으로 게임 디자인 개선 및 조정",,,,"식대지원, 커피·스낵바, 50명이하, 복지포인트, 자기계발지원, AI 선도 기업, 설립3년이하, 참 괜찮은 중소기업, 인원 급성장",상시채용,,서울 마포구,기어세컨드
게임 2D UI 디자이너,"• 게임의 전반적인 컨셉을 설정하고, 게임 내 2D UI를 디자인하며, 플레이어가 게임을 즐기는 데 직관적이고 매력적인 인터페이스를 제공하는 역할을 수행합니다.","• 게임 컨셉 디자인 및 아트 스타일 설정
• 게임 UI/UX 디자인 및 프로토타입 제작
• 게임 내 인터페이스 요소 (버튼, 아이콘, 메뉴 등) 디자인
• 팀 내 아티스트, 프로그래머와 협업하여 디자인 컨셉을 구현
• 게임의 전체적인 비주얼 일관성을 유지하며, 플레이어 경험을 개선하는 UI/UX 솔루션 제공","• 게임 컨셉 디자인 및 아트 스타일 설정
• 게임 UI/UX 디자인 및 프로토타입 제작
• 게임 내 인터페이스 요소 (버튼, 아이콘, 메뉴 등) 디자인
• 팀 내 아티스트, 프로그래머와 협업하여 디자인 컨셉을 구현
• 게임의 전체적인 비주얼 일관성을 유지하며, 플레이어 경험을 개선하는 UI/UX 솔루션 제공",,,,"UX 디자인, UI 디자인, Photoshop Elements",,,서울 강남구,더쇼소프트웨어
게임 기획자,"Treatment becomes enjoyment
시간과 장소의 한계를 뛰어넘어, 치료가 즐거워지는 경험을 제공합니다. 이모티브는 모바일 게임을 통해 사용자의 인지 상태를 평가하고, 치료까지 이어질 수 있는 디지털 헬스케어/치료제 애플리케이션을 개발하고 있습니다.

이모티브는 작년 12월, 서울대병원, 연세세브란스병원, 서울성모병원 등과 공동 연구를 통해 첫 서비스인 ‘조이코그(아동 ADHD 디지털 치료제)’를 출시하였으며, CES 2023 디지털 헬스케어 분야에서 혁신상을 수상하였습니다.
현대자동차, 대웅제약 등으로부터 전략적 투자를 유치하였으며 이를 기반으로, 북미, 유럽, 일본 등 글로벌 시장 진출을 준비하고 있습니다.

ADHD를 시작으로 자폐스펙트럼장애 등 다양한 정신질환으로 분야를 넓혀 더 많은 이들이, 보다 건강하고 행복한 삶을 누릴 수 있도록 돕고자 합니다.
쉽진 않은 길이지만, 그렇기에 더욱 의미있는 길이라 생각합니다. 저희의 여정에 동참하지 않으시겠어요?


[보도자료]
ㆍ신SW상품대상 추천작_이모티브 '조이코그'","• 캐주얼 뇌 훈련 퍼즐 게임의 콘텐츠 및 시스템 기획
• 디지털 치료기기(DTx)의 콘텐츠 및 시스템 기획
• 게임 밸런스 및 난이도 조정
• QA 및 테스트","• 캐주얼 뇌 훈련 퍼즐 게임의 콘텐츠 및 시스템 기획
• 디지털 치료기기(DTx)의 콘텐츠 및 시스템 기획
• 게임 밸런스 및 난이도 조정
• QA 및 테스트",,,,"건강검진지원, 커피·스낵바, 유급휴가, 50명이하, 설립4~9년",상시채용,,서울 강남구,이모티브
언리얼 클라이언트 프로그래머 팀장급 (10년 이상),"자이언트스텝은 다년간의 다양한 프로젝트의 제작 경험과 능력을 가진 최고의 스텝들로 이뤄진 회사입니다.
이러한 스텝의 경험과 능력이 곧 자이언트스텝의 브랜드 가치입니다.

자이언트스텝은 기존의 아날로그 미디어와 새로운 디지털 미디어 영상제작을 포함한 디스플레이 기반의 시각적 결과물을 리서치, 기획, 제작, 컨설팅하고 소비자의 디지털 미디어의 요구에 맞춰 최상의 결과물을 만드는 Creative Design Company입니다.","· 언리얼 엔진을 이용한 모바일 게임 프로젝트의 클라이언트 개발 관리
· 개발 프로세스 관리 및 코드 품질 관리","· 언리얼 엔진을 이용한 모바일 게임 프로젝트의 클라이언트 개발 관리
· 개발 프로세스 관리 및 코드 품질 관리",,,,"연봉상위11~20%, 301~1,000명, 식대지원, 편의시설, 유망산업, AI 선도 기업, 설립10년이상",상시채용,"신속 간결한 스타일, 과정 중심 질문, 진중/칼같은 스타일, 자유롭고 편한 환경",서울 강남구,자이언트스텝
[신규 프로젝트S] 아트 - 이펙트 아티스트,"• 1000만명이 다운로드한 모바일 마피아게임 마피아42를 운영하고 있는 팀42 입니다.
: 팀42는 마피아42 개발 경험을 바탕으로 사람들을 연결시키는 멀티플레이 게임을 만듭니다.


• [신규 프로젝트 S : 3D 캐주얼 아트 기반의 모바일 MMORPG ]
: 귀여운 몬스터가 가득한 세상 속, 나만의 몬스터와 동료가 되어 모험을 떠나요!


• 팀42는 어떤 팀인가요?
: 팀42는 총 80여명으로 구성되어 있습니다.
: 평균 연령 20~30대의 젊고 열정있는 팀입니다.
: 자유로운 만큼 개인의 역할과 책임이 중요합니다.
: 자유료운 소통과 수평적인 조직 문화를 지향합니다.


• 이런분들과 일하고 싶어요
: 주도적으로 문제점을 찾고 창의적인 방법으로 해결하는 과정을 즐기는 분
: 많은 유저가 즐기는 대중적인 게임을 만들고 싶은 분
: 본인의 의견을 팀원들과 나누고 설득하는 과정을 즐기는 분","• [신규 프로젝트S] 3D 캐주얼 아트 기반 모바일 MMORPG
• 카툰 분위기의 아트스타일과 어울리는 이펙트 리소스 제작
• 환경, UI 이펙트 제작
• 유니티 모바일 환경에 맞는 리소스 제작 및 관리
• 전형절차 : 서류접수 -＞ 서류 합격 -＞ 면접 -＞ 과제(일부직군) -＞ 합격안내","• [신규 프로젝트S] 3D 캐주얼 아트 기반 모바일 MMORPG
• 카툰 분위기의 아트스타일과 어울리는 이펙트 리소스 제작
• 환경, UI 이펙트 제작
• 유니티 모바일 환경에 맞는 리소스 제작 및 관리
• 전형절차 : 서류접수 -＞ 서류 합격 -＞ 면접 -＞ 과제(일부직군) -＞ 합격안내",,,,"장비지원, 자기계발지원, 커피·스낵바, 연봉상위11~20%, 51~300명, 설립4~9년, 아시아·태평양 고성장, 참 괜찮은 중소기업, 인원 급성장",상시채용,"세심한 스타일, 과정 중심 질문, 친절/따뜻한 스타일, 자유롭고 편한 환경",서울 마포구,팀42
모바일 게임 기획자 (캐주얼 게임),"■ 팀스파르타 소개

""누구나 큰일 낼 수 있어""
팀스파르타는 모두가 저마다 가슴 뛰는 자기 일을 하나씩 갖고 사는 세상을 꿈꾸고 있습니다.
각자의 삶에 소프트웨어라는 도구를 더해 나만의 큰일을 가꾸어 나아갈 수 있도록 팀스파르타가 함께하겠습니다.

누구나 쉽고 재밌게 코딩을 배울 수 있는 온라인 코딩 교육 '스파르타코딩클럽'을 필두로, 전공, 직업, 실력에 관계 없이 ‘누구나’ IT 분야에 취업할 수 있도록 돕는 '내일배움캠프', 업계에 첫 발을 내딛는 취업 코스부터 현직자 코스까지 담은 부트캠프 '항해99' 뿐만 아니라 채용 플랫폼, 모바일 게임, 외주 개발, 신규 서비스를 개발하는 스튜디오 등
IT 연합체를 향해 다양한 도전을 이끌어 가고 있습니다.

팀스파르타는 2019년부터 이어진 폭발적인 성장을 바탕으로 이제 코딩 교육업을 넘어 IT 연합체를 목표로 빠르게 나아가고 있습니다. 팀스파르타에서는 각자의 삶에 큰일을 만들어나가는 여정을 함께하실 팀원을 찾고 있습니다. 몰입하여 즐겁게 일하고, 내가 하는 일에 대한 애정을 가진 분이라면 지금 바로 팀스파르타에 합류하세요!


[주요 연혁]

• [2023.09] ‘2023 올해의 브랜드 대상’ 수상
• [2023.07] 상반기 거래액 200억 원 돌파
• [2023.01] ‘2023 대한민국 퍼스트브랜드 대상’ 수상
• [2022.12] ‘소프트웨어 산업인의 날’ 대통령 표창
• [2022.09] ‘2022 올해의 브랜드 대상’ 수상
• [2022.02] 시리즈A 130억 원 투자 유치
• [2021.12] 고용노동부장관 표창
• [2020.05] 팀스파르타 법인 설립
• [2019.05] 스파르타코딩클럽 오프라인 론칭","■ 로켓단게임즈를 소개해요

• 로켓단게임즈는 '주술사 키우기', '타락 전사 키우기' 등 방치형 RPG 게임을 제작했고, 이제는 디펜스, 로그라이트, 시뮬레이션, 하이퍼 캐주얼 등 캐주얼 장르에 새롭게 도전하고 시도 중에 있습니다. 보통 게임은 블록버스터 산업이라고 많이 이야기하지만, 저희의 생각은 다릅니다. ""만약 꾸준한 개발 리소스를 활용해 중타 이상의 다작을 할 수 있다면, 이를 모아 성공에 준하는 규모를 만들 수 있지 않을까."" 이것이 로켓단게임즈의 시작이었습니다.

• 로켓단게임즈는 게임 제작의 새로운 방정식으로 게임 업계에서의 성공을 만들어내고 싶습니다. 그 시기의 트렌드에 맞는 게임을 빠른 시간에 시장에 내놓는 일을 반복하는 방식, 즉 가벼운 접근 방식으로 고객과의 접점을 많이 만들어내어 성공을 만드는 일에 도전 중입니다. 이제 로켓단게임즈는 그동안의 제작 경험과 새롭게 합류한 업계 다수의 성공 경험을 보유한 디렉터님과 함께, 세상을 즐겁게 하기 위한 동료들을 찾고 있어요. 모든 것이 오픈된 환경으로 제작부터 게임 서비스 단계까지 모든 데이터와 과정에서 얻을 수 있는 인사이트를 구성원 모두에게 공유하고 있습니다. 이 과정에서 구성원 개인의 성장도 함께 누릴 수 있는 기회도 얻어가실 수 있어요!

• 로켓단게임즈는 팀스파르타의 지원을 받고 있는 탄탄한 게임 스튜디오입니다. 게임에 대한 애정과 제작 역량을 모두 겸비한 동료들과 함께 더 멋진 게임을 마음껏 만들고 싶은 분이라면, '로켓단게임즈'가 어쩌면 꼭 맞는 곳일지도 모릅니다. 아직은 꿈일 뿐이지만 최소한 매출 1천억 원 이상의 스튜디오가 될 때까지, 그만둘 생각은 없습니다. 처음부터 끝까지 온전히 나의 구상을 담아내는 경험, 함께 하시죠!

# 로켓단게임즈 인터뷰 보러가기 : https://bit.ly/3AJAsSO
# 새로 합류한 게임 디렉터님 기사 보러가기 : https://zdnet.co.kr/view/?no=20240905084958

■  합류하면 이런 업무를 해요

• 콘텐츠, 시스템, 밸런스,BM 등 게임 전반적인 신규 캐주얼 게임 기획 업무에 참여합니다.
• 성공 노하우가 있는 선임과 함께 기획자로 성장하기 위한 기획자의 소양, 시장 분석, 코어 루프 설계, 데이터 분석, 수익화 기법 등 기획 전반 교육을 받아보실 수 있습니다.
• 게임 트렌드를 분석하여 기회를 발굴하고, 역기획과 믹스로 로켓단게임즈만의 재미를 창조합니다.
• 플레이 테스트, 유저 피드백 및 라이브 지표 등 데이터를 바탕으로 게임 시스템을 개선하고 기획합니다.","■ 로켓단게임즈를 소개해요

• 로켓단게임즈는 '주술사 키우기', '타락 전사 키우기' 등 방치형 RPG 게임을 제작했고, 이제는 디펜스, 로그라이트, 시뮬레이션, 하이퍼 캐주얼 등 캐주얼 장르에 새롭게 도전하고 시도 중에 있습니다. 보통 게임은 블록버스터 산업이라고 많이 이야기하지만, 저희의 생각은 다릅니다. ""만약 꾸준한 개발 리소스를 활용해 중타 이상의 다작을 할 수 있다면, 이를 모아 성공에 준하는 규모를 만들 수 있지 않을까."" 이것이 로켓단게임즈의 시작이었습니다.

• 로켓단게임즈는 게임 제작의 새로운 방정식으로 게임 업계에서의 성공을 만들어내고 싶습니다. 그 시기의 트렌드에 맞는 게임을 빠른 시간에 시장에 내놓는 일을 반복하는 방식, 즉 가벼운 접근 방식으로 고객과의 접점을 많이 만들어내어 성공을 만드는 일에 도전 중입니다. 이제 로켓단게임즈는 그동안의 제작 경험과 새롭게 합류한 업계 다수의 성공 경험을 보유한 디렉터님과 함께, 세상을 즐겁게 하기 위한 동료들을 찾고 있어요. 모든 것이 오픈된 환경으로 제작부터 게임 서비스 단계까지 모든 데이터와 과정에서 얻을 수 있는 인사이트를 구성원 모두에게 공유하고 있습니다. 이 과정에서 구성원 개인의 성장도 함께 누릴 수 있는 기회도 얻어가실 수 있어요!

• 로켓단게임즈는 팀스파르타의 지원을 받고 있는 탄탄한 게임 스튜디오입니다. 게임에 대한 애정과 제작 역량을 모두 겸비한 동료들과 함께 더 멋진 게임을 마음껏 만들고 싶은 분이라면, '로켓단게임즈'가 어쩌면 꼭 맞는 곳일지도 모릅니다. 아직은 꿈일 뿐이지만 최소한 매출 1천억 원 이상의 스튜디오가 될 때까지, 그만둘 생각은 없습니다. 처음부터 끝까지 온전히 나의 구상을 담아내는 경험, 함께 하시죠!

# 로켓단게임즈 인터뷰 보러가기 : ",,,,"커피·스낵바, 건강검진지원, 유급휴가, 자기계발지원, 연봉상위11~20%, 51~300명, 설립4~9년, 누적투자100억이상, 식대지원, 유망산업",상시채용,"신속 간결한 스타일, 과정 중심 질문, 친절/따뜻한 스타일, 자유롭고 편한 환경",서울 강남구,팀스파르타
[캐주얼 보드 프로젝트] 설정 기획자,"- 컴투스 창업자의 새로운 도전… ""해긴은 모두가 행복한 게임회사를 꿈꿉니다""
(","• 캐릭터 설정 및 대사 작성
•  공간 배경 설정
 • 건물 설정
 • 장면 전환 연출 기획","• 캐릭터 설정 및 대사 작성
•  공간 배경 설정
 • 건물 설정
 • 장면 전환 연출 기획",,,,"편의시설, 자유로운휴가, 대출지원, 식대지원, 커피·스낵바, 건강검진지원, 보너스, 51~300명, 연봉상위11~20%, 설립4~9년, 아시아·태평양 고성장, AI 선도 기업, 스톡옵션, 인원 급성장, 누적투자100억이상",상시채용,"여유 있는 속도감, 과정 중심 질문, 친절/따뜻한 스타일, 자유롭고 편한 환경",서울 구로구,해긴
"[캐주얼 보드 프로젝트] 시스템, 밸런스 기획자","- 컴투스 창업자의 새로운 도전… ""해긴은 모두가 행복한 게임회사를 꿈꿉니다""
(","• 게임 내 각종 시스템 설계 및 데이터 구조 설정
 • 보상 설정 및 경제 밸런싱
 • 이벤트 운영 및 재화 모니터링","• 게임 내 각종 시스템 설계 및 데이터 구조 설정
 • 보상 설정 및 경제 밸런싱
 • 이벤트 운영 및 재화 모니터링",,,,"편의시설, 자유로운휴가, 대출지원, 식대지원, 커피·스낵바, 건강검진지원, 보너스, 51~300명, 연봉상위11~20%, 설립4~9년, 아시아·태평양 고성장, AI 선도 기업, 스톡옵션, 인원 급성장, 누적투자100억이상",상시채용,"여유 있는 속도감, 과정 중심 질문, 친절/따뜻한 스타일, 자유롭고 편한 환경",서울 구로구,해긴
[플랫폼팀] Unity 플랫폼 프로그래머,"[ Let's change people into gamers! ]
지금도 내 곁에, 내 손에
플레이하드는 깊은 몰입감과 즐거움으로 오래도록 기억될 게임을 만들어요.
글로벌 누적 4,600만 다운로드, 23년 매출 200% 상승을 기록하며 계속 성장하고 있어요.

우리는 멈추지 않아요.
더 큰 목표를 향해 빠른 도전과 실패를 거듭하며 달려가고 있어요.
가슴뛰는 이 여정에 함께하고 싶다면 지금 바로 플레이하드와 함께해요.

[ PLAYHARD는 지금 이 순간에도 전 세계인을 게이머로 만들고 있어요 ]
•우르르용병단 2023 ‘Google Play Best of 2023’ 에서 Best Indies 부문 수상
•우르르용병단 2023 한국 AOS, IOS 인기게임 차트 1위 달성
•우르르용병단 2023 대만 AOS 인기게임 차트, IOS 게임 카테고리 1위 달성
•우르르용병단 2023 일본 IOS 카테고리 차트 1위 달성 / 일본 IOS 인기게임 차트 3위 달성
•공장주식회사 2,500만 누적 다운로드 기록 달성
•히어로팩토리 1,000만 누적 다운로드 기록 달성
•레드브로즈 2016 구글 인디게임 페스티벌 우승

[ PLAYHARD에는 이런 동료들이 모여 있어요 ]
• 책임감을 가지고 적극적으로 문제를 해결하려 노력해요.
• 팀과 회사에 목표와 방향성에 맞는 일이라면 책임지고 끝까지 해결하기 위해 노력해요
• 끝내는 걸로 그치지 않고 결과를 확인하고 다른 문제는 없는지 끊임 없이 고민하고 노력해요

• 더 나은 성과를 위해 다양한 시도를 절대 멈추지 않아요 .
• 현실에 안주하지 않고 더 나은 결과물을 위해 끊임없이 도전하고 노력해요.
• 누구든 다양한 의견을 낼 수 있고 그 의견이 충분히 실현될 수 있어요.

•가슴 속에 모두 열정이 가득 담긴 목표가 있어요.
• 스스로 원하는 목표가 있는 분을 선호해요. 또 그 목표를 플레이하드에서 함께 이룰 수 있도록 도와드려요.
• 플레이하드 동료들은 그 꿈을 이루기 위해 누구보다 진심으로 노력해요.

• 다양한 게임을 정말 좋아하고 즐기고 있어요.
• 직접 유저로서 다양한 게임들을 플레이해보고 즐기는 동료들이 많아요.
• 게임을 재밌게 즐겨본 경험이 많을수록 유저의 마음을 잘 이해하고 만들 수 있다고 믿어요","* 플랫폼 개발
 - 게임 개발팀에서 사용하는 공용 기능 제공
 - 공용 프레임워크
 - 데이터 테이블, UI, 서버 연동, Localization, 리소스 다운로드
 - 플랫폼 및 스토어 별 네이티브 기능 연동
 - 로깅 수집, 소셜 인터랙션, 크로스 프로모션 등

* 프로세스 자동화 및 인프라 구축
 - 빌드 자동화
 - CI/CD

* 게임개발팀 기술 지원","* 플랫폼 개발
 - 게임 개발팀에서 사용하는 공용 기능 제공
 - 공용 프레임워크
 - 데이터 테이블, UI, 서버 연동, Localization, 리소스 다운로드
 - 플랫폼 및 스토어 별 네이티브 기능 연동
 - 로깅 수집, 소셜 인터랙션, 크로스 프로모션 등

* 프로세스 자동화 및 인프라 구축
 - 빌드 자동화
 - CI/CD

* 게임개발팀 기술 지원",,,,"Git, Github, JavaScript",,,서울 마포구,플레이하드
[가디스오더] 시스템 기획자,"픽셀트라이브(PIXELTRIBE)는 픽셀아트라는 강한 아이덴티티에 기반하여, 단결된 조직력으로 글로벌 게임 시장에서 강한 영향력을 펼치고자 2024년 2월에 설립된 신규 게임 개발사입니다.

""Tribe : 부족""
전통적인 가치와 문화를 중시하지만, 동시에 새로운 도전과 변화를 받아들일 수 있는 유연성도 갖추고 있는 것이 바로 '부족'이라고 생각합니다.
우리 모두가 조직의 구성원으로서 각자의 역할과 책임을 완수하며, 모두가 함께 연결되어 우리의 목표를 달성하는 조직이 되고자 합니다.

＃High-Quality 2D 프로젝트에 관심이 많고
＃깊이 있는 스토리의 진정성을 통한 콘텐츠의 힘을 믿고
＃대중적이고, 위트 있으면서도 오랫동안 사랑 받을 명작 제작에 기여하고 싶으시다면

픽셀트라이브 여정에 함께해 주세요.
우리와 함께 글로벌 게임 시장에서 새로운 역사를 써 내려가고 싶은 여러분을 기다립니다.


Ι 우리는 이렇게 일하고 있어요!
＃CREATIVE
전 세계 게이머에게 인정받을 수 있는 창의적인 경험을 추구합니다.

＃ CALIBARTED
게임의 핵심과 차별화 포인트를 일찍 그리고 더 자주 검증합니다.

＃COST EFFECTIVE
물량보단 창발적 콘텐츠를, 그리고 개발 과정에서의 효율성을 추구합니다.


Ι 시스템 기획팀을 소개해 드립니다
우리는 게임의 핵심적인 시스템을 설계하며, 플레이어들에게 잊지 못할 경험을 선사하기 위해 최선을 다하고 있습니다.
게임의 구조와 캐릭터 성장 및 수집 메커니즘을 정교하게 설계하여, 게임의 재미와 몰입도를 극대화하는 것을 목표로 합니다. 팀원들은 창의적이고 논리적인 사고를 바탕으로 혁신적인 시스템을 구상하며, 이를 게임에 구현하는 과정을 주도합니다. 또한, 다양한 분야의 전문가들과 긴밀하게 협업하여, 전 세계 플레이어들이 즐길 수 있는 게임을 만들어 나가고 있습니다.","합류 후 함께하실 업무에 대해서 소개해 드릴게요.

• “Goddess Order”의 전반적인 콘텐츠 시스템의 방향 설정 및 시스템 규칙 기획 업무를 담당합니다.
• 시스템 데이터 구조 설계 및 관리 업무를 담당합니다.","합류 후 함께하실 업무에 대해서 소개해 드릴게요.

• “Goddess Order”의 전반적인 콘텐츠 시스템의 방향 설정 및 시스템 규칙 기획 업무를 담당합니다.
• 시스템 데이터 구조 설계 및 관리 업무를 담당합니다.",,,,"복지포인트, 식대지원, 건강검진지원",상시채용,,,픽셀트라이브
게임서버 엔지니어,"넷마블컴퍼니는 ‘Great Game Culture Company’의 비전 아래 재미있는 게임으로 전세계인의 삶을 즐겁게 하기 위해 역량 있는 일류 인재들이 모인 기업입니다.

2000년 설립 이래 넷마블컴퍼니는 탄탄한 개발력과 창의적 사업마인드로 세계 최초로 “퍼블리싱” 비즈니스 사업 모델을 도입하였습니다.
‘리니지2 레볼루션’, ‘모두의마블’, ‘세븐나이츠’, ‘마블 퓨처파이트’, ‘몬스터길들이기’, ‘스톤에이지’ 등, 장수 모바일 게임과 ‘마블 컨테스트 오브 챔피언스’, '해리포터: 호그와트 미스테리‘, ‘킹오브파이터즈 올스타’, '일곱 개의 대죄' 등 글로벌 인기 모바일게임을 서비스하고 있습니다. 뿐만 아니라, 대표 PC 스포츠 게임인 ‘마구마구’ 등을 서비스 하며, 전세계 게임 이용자들에게 새로운 게임세상의 재미를 전파하고 있습니다.","게임 서버 기술 아키텍쳐 분석 및 기술 컨설팅
  - 서버 아키텍쳐 분석
  - 리스크 분석과 해결안 제시
게임 서버 기술 R&D
  - 장르별 다양한 서버 구조에 대한 Best Practice 제공
  - 최신 서버 기술 연구 및 공유(매뉴얼화)","게임 서버 기술 아키텍쳐 분석 및 기술 컨설팅
  - 서버 아키텍쳐 분석
  - 리스크 분석과 해결안 제시
게임 서버 기술 R&D
  - 장르별 다양한 서버 구조에 대한 Best Practice 제공
  - 최신 서버 기술 연구 및 공유(매뉴얼화)",,,,"Java, C, C++",,,서울 구로구,넷마블
게임 클라이언트 최적화 엔지니어,"넷마블컴퍼니는 ‘Great Game Culture Company’의 비전 아래 재미있는 게임으로 전세계인의 삶을 즐겁게 하기 위해 역량 있는 일류 인재들이 모인 기업입니다.

2000년 설립 이래 넷마블컴퍼니는 탄탄한 개발력과 창의적 사업마인드로 세계 최초로 “퍼블리싱” 비즈니스 사업 모델을 도입하였습니다.
‘리니지2 레볼루션’, ‘모두의마블’, ‘세븐나이츠’, ‘마블 퓨처파이트’, ‘몬스터길들이기’, ‘스톤에이지’ 등, 장수 모바일 게임과 ‘마블 컨테스트 오브 챔피언스’, '해리포터: 호그와트 미스테리‘, ‘킹오브파이터즈 올스타’, '일곱 개의 대죄' 등 글로벌 인기 모바일게임을 서비스하고 있습니다. 뿐만 아니라, 대표 PC 스포츠 게임인 ‘마구마구’ 등을 서비스 하며, 전세계 게임 이용자들에게 새로운 게임세상의 재미를 전파하고 있습니다.","넷마블 내 서비스 대상 게임 클라이언트 최적화 진행
외부 파트너사(Google, Apple, Samsung, Unity, Unreal 등)와 기술협업 진행","넷마블 내 서비스 대상 게임 클라이언트 최적화 진행
외부 파트너사(Google, Apple, Samsung, Unity, Unreal 등)와 기술협업 진행",,,,"Unreal Engine, Unity3D",,,서울 구로구,넷마블
AI Game Studio TA (Technical Artist),"* 베이글코드를 소개합니다.
베이글코드는 글로벌 시장을 무대로 빠르게 성장하고 있는 모바일 게임 기업입니다.
베이글코드는 '글로벌, 성장, 즐거움'라는 키워드를 가지고 전 세계 사람들이 즐길 수 있는 모바일 게임을 개발하고 운영하고 있습니다. 2012년 창업 초기 때부터 현재까지 글로벌 시장에서 쌓아 온 탄탄한 데이터, AI 기술, 마케팅 역량을 바탕으로 최상의 게임 서비스를 제공하고 있습니다.
전 세계 5,000만 명이 즐기고 있는 베이글코드의 대표작으로는 클럽 베가스, 캐시 빌리어네어, 잭팟 매드니스 등이 있습니다. 특히, 클럽 베가스는 소셜카지노 평균 플레이 시간 1위를 자랑하며 2022년 미국 안드로이드 전체 매출 TOP 100에 진입하기도 했습니다. 현재 베이글코드는 소셜카지노 분야 성공 경험을 기반으로 장르 다각화를 위해 국내외 세계 곳곳에서 캐주얼 게임을 개발하고 있습니다.
베이글코드는 한국, 베트남, 이스라엘, 우크라이나에 오피스가 있고, 이 외에도 다양한 국적의 인재들이 함께 하고 있습니다. 다른 문화, 언어, 배경의 동료를 존중하며 공동의 목표를 달성하기 위해 협업합니다.
베이글코드의 2023년 매출액은 1,062억 원으로 최근 5년간 연평균 60% 고속 성장을 기록했습니다. 베이글코드는 우리의 업무가 즐거워야만 우리의 게임이 즐겁게 플레이 될 수 있다고 믿고 있습니다. 글로벌 유수의 인재들과 함께 협업할 수 있고, 더 많은 가치를 만들며 즐겁게 성장할 수 있는 베이글코드에 탑승하세요.

※ CEO Interview 영상을 통해 베이글코드에 더욱 자세히 알아보세요! -＞","이런 일을 함께하고 싶습니다.
• 게임 프로젝트 아트표현을 위한 기술제안과 R&D
• 리소스 생산성 향상을 위한 툴 제작 및 구조정리
• 기술적 난이도가 있는 아트 컨텐츠 제작
• 아트, 프로그램, 기획간 기술범위 업무 조율과 가이드 제작
• 유니티를 이용한 아트 리소스 제작","이런 일을 함께하고 싶습니다.
• 게임 프로젝트 아트표현을 위한 기술제안과 R&D
• 리소스 생산성 향상을 위한 툴 제작 및 구조정리
• 기술적 난이도가 있는 아트 컨텐츠 제작
• 아트, 프로그램, 기획간 기술범위 업무 조율과 가이드 제작
• 유니티를 이용한 아트 리소스 제작",,,,"식대지원, 커피·스낵바, 자기계발지원, 유망산업, 51~300명, AI 선도 기업, 연봉상위6~10%, 인원 급성장, 설립10년이상, 누적투자100억이상",2024.10.31,"신속 간결한 스타일, 과정 중심 질문, 답변을 유도해 준 편, 자유롭고 편한 환경",서울 강남구,베이글코드(Bagelcode)
게임 운영 담당자,"어제111퍼센트는 재미라는 본질에 집중합니다.
재미는 심플하고, 참신한 룰에서 나옵니다.

바둑이 흑과 백, 두가지 돌과 심플한 룰로 약 5,000년 동안 인류를 즐겁게 했고,
랜덤 다이스 디펜스가 주사위와 참신한 룰로 약 2,500만 유저를 즐겁게 했듯,
재미있는 게임은 기획부터 런칭까지 6개월이면 충분합니다.

공감 : 111퍼센트만의 개발 속도와 방향성에 깊이 공감하고, 변화에 민첩하게 대응합니다.
도전 : 실패를 두려워 하지 않고, 그 과정을 발판삼아 한단계 성장하여, 다음 도전에서는 성공가능성을 높입니다.
몰입 : 매우 깊고 밀도 있는 몰입으로 매 순간 최고의 속도를 내며 우리의 성공을 앞당깁니다.

111퍼센트는 위 핵심가치를 따라 매번 최고의 속도를 내며 계속해서 도전하고 있습니다.
변화와 실패를 두려워하지 않고, 빠르고 깊은 몰입을 통해 세상에 없던 재미를 개발하고 싶으신 분들을 두 팔 벌려 환영합니다.

* 고용형태
• 정규직(수습기간 3개월)

* 채용전형
서류전형 ＞ 1차 인터뷰 ＞ 2차 인터뷰 ＞ 처우 협상 ＞ 최종합격

* 파일 첨부할 경우 PDF파일로 첨부해주세요.



111퍼센트 운영팀 운영셀 소개

111퍼센트의 운영셀은 개발중인 타이틀의 운영을 준비하고, 라이브 서비스 중인 모든 타이틀의 운영 관리 및 진행하는 조직입니다.
이슈의 단순 전파 및 대응을 넘어 근본적으로 이슈를 줄일 수 있도록 게임 개선, 업무 프로세스 개선, 내부 시스템 개발 및 개선 등을 제안하거나 직접 개선을 진행 합니다.

안정적인 서비스를 기반으로 더 많은 유저분들이 111퍼센트의 게임을 즐기실 수 있도록 함께 기여하실 분을 모집합니다.","• 게임 업데이트 관련 공지 등 라이브 관련 운영 업무
• 고객 VOC 모니터링 및 대응
• 게임에서 발생하는 장애 이슈 확인 및 운영 대응
• 관련 유관 부서 및 업체와 커뮤니케이션","• 게임 업데이트 관련 공지 등 라이브 관련 운영 업무
• 고객 VOC 모니터링 및 대응
• 게임에서 발생하는 장애 이슈 확인 및 운영 대응
• 관련 유관 부서 및 업체와 커뮤니케이션",,,,"편의시설, 건강검진지원, 커피·스낵바, 식대지원, 연봉상위11~20%, 51~300명, 설립4~9년",상시채용,"신속 간결한 스타일, 과정 중심 질문, 진중/칼같은 스타일, 캐주얼/편한 분위기",서울 강남구,111퍼센트
아트 PM,"앤유는 PC MMORPG 개발 착수와 함께 설립된 회사로 우리가 만든 게임으로 전세계 유저들과 소통하는 꿈을 앞당기기 위해 끊임없이 도전하고 성장하고 있습니다.

유저를 먼저 생각하고 유저와 함께 하며 유저가 원하는 게임을 만들고자 하는 게임 회사입니다.
앤유는 게임을 통해 유저 그리고 직원들에게 즐거움을 선사할 것입니다.

즐거움에 대한 열정과 자기만의 빛나는 역량을 지닌 당신의 합류를 기대합니다.","• 로드맵에 맞춘 피처별 일정/일감 관리
• 리소스 제작 관련 리스크 파악, 보고, 조율
• 외주 진행 및 외주 관련 예산 관리, 보고
• 대내외적인 커뮤니케이션 진행, 이슈사항 체크 및 조율
• 효율적인 업무 프로세스 수립/개선 관리","• 로드맵에 맞춘 피처별 일정/일감 관리
• 리소스 제작 관련 리스크 파악, 보고, 조율
• 외주 진행 및 외주 관련 예산 관리, 보고
• 대내외적인 커뮤니케이션 진행, 이슈사항 체크 및 조율
• 효율적인 업무 프로세스 수립/개선 관리",,,,JIRA,,,서울 서초구,앤유
[게임디자인] 게임 기획,"미스틸게임즈는 전세계 플레이어들에게 감동과 행복을 선사하는 꿈을 가진 개발사입니다.
현재 개발 중인 `Time Takers`는 언리얼5 엔진 기반의 독특한 룰셋을 지닌 TPS 게임입니다.","• 게임 콘텐츠 및 시스템 기획
• 각종 수치를 기반으로 한 데이터 분석, 예측, 관리
• 게임 트렌드 분석 및 운영 전략 수립","• 게임 콘텐츠 및 시스템 기획
• 각종 수치를 기반으로 한 데이터 분석, 예측, 관리
• 게임 트렌드 분석 및 운영 전략 수립",,,,"건강검진지원, 식대지원, 편의시설, 커피·스낵바, 50명이하, 설립3년이하, 인원 급성장, 경기도 우수 중소기업",상시채용,"신속 간결한 스타일, 과정 중심 질문, 친절/따뜻한 스타일, 자유롭고 편한 환경",경기,미스틸게임즈
게임 기획자,"폭풍 성장 중인 기업 기어세컨드에서 [게임 기획자]를 모집합니다.

GEAR2 는 게임의 메커니즘을 기반으로 즐거움을 위한 감정과 감각, 감동을 연구하며, 압도적인 재미를 가진 최고의 게임을 만드는 것을 지향합니다.
유저들이 좋아할 수 있는 게임의 룰.
유저들이 느끼는 즐거움의 코어.
시장을 주시하며 시장의 호흡, 시장이 원하는 것, 시장에서 살아남는 방법, 씬의 본질을 연구하고 종합적이고 깊은 인사이트를 쌓으며 게임을 만들었습니다.

GEAR2가 자체 제작, 퍼블리싱한 게임 ＜슬레이어 키우기＞는 구글 플레이 매출 17위까지 오르는 기염을 토하며 역대급 흥행에 성공하였고, 방치형 키우기 게임의 새로운 지평을 열었습니다.
이를 발판으로 한 단계 진화한 인사이트와 기술, 감각을 베이스로 새로운 도약을 계획하고 있습니다.

최고의 게임을 만들기 위해 분석하고, 도전하고, 성장하면서 또 한번 이 시장에서 압도적인 승리를 함께 해나갈 멋진 동료들을 찾고 있습니다.

GEAR2 에는 여전히 더 큰 가능성들이 열려 있습니다.
초기 코어 멤버로 합류해서 저희와 함께 더 큰 성장과 승리를 만들어갈 분을 찾고 있습니다!
모든 지원과 문의를 환영합니다. 감사합니다.","• 슬레이어 키우기의 시스템 & 컨텐츠 기획 전반과 라이브 운영을 담당 합니다.
• 레벨 및 컨텐츠 추가, 디자인, 시스템, 난이도 조정 및 기획 업무에 참여합니다.
• 새로운 아이디어를 수급하고 문제점을 파악해 개선 합니다.
• 플레이 테스트, 피드백 및 라이브 지표를 기반으로 게임 디자인 개선 및 조정 합니다.
• 게임 기획 및 게임 데이터 시트 작성 및 관리 업무를 담당 합니다.


이런 것들을 얻을 수 있어요!
• Early stage에서 원팀으로 호흡하며 게임 기획의 A-Z를 모두 경험할 수 있습니다.
• 국내 뿐 아니라 글로벌을 타겟으로 다양한 신작을 구상해볼 수 있습니다.
• 열정을 뒷받침해줄 업무 환경에서 일하며, 성공에 대한 보상을 충분히 누릴 수 있습니다.
• 게임 시장을 바꾸고 있는 팀원들과 인사이트를 나누며 함께 성장할 수 있습니다.","• 슬레이어 키우기의 시스템 & 컨텐츠 기획 전반과 라이브 운영을 담당 합니다.
• 레벨 및 컨텐츠 추가, 디자인, 시스템, 난이도 조정 및 기획 업무에 참여합니다.
• 새로운 아이디어를 수급하고 문제점을 파악해 개선 합니다.
• 플레이 테스트, 피드백 및 라이브 지표를 기반으로 게임 디자인 개선 및 조정 합니다.
• 게임 기획 및 게임 데이터 시트 작성 및 관리 업무를 담당 합니다.


이런 것들을 얻을 수 있어요!
• Early stage에서 원팀으로 호흡하며 게임 기획의 A-Z를 모두 경험할 수 있습니다.
• 국내 뿐 아니라 글로벌을 타겟으로 다양한 신작을 구상해볼 수 있습니다.
• 열정을 뒷받침해줄 업무 환경에서 일하며, 성공에 대한 보상을 충분히 누릴 수 있습니다.
• 게임 시장을 바꾸고 있는 팀원들과 인사이트를 나누며 함께 성장할 수 있습니다.",,,,"식대지원, 커피·스낵바, 50명이하, 복지포인트, 자기계발지원, AI 선도 기업, 설립3년이하, 참 괜찮은 중소기업, 인원 급성장",상시채용,,서울 마포구,기어세컨드
[신규 프로젝트] 2D 게임 아트 디자이너,"[ Let's change people into gamers! ]
지금도 내 곁에, 내 손에
플레이하드는 깊은 몰입감과 즐거움으로 오래도록 기억될 게임을 만들어요.
글로벌 누적 4,600만 다운로드, 23년 매출 200% 상승을 기록하며 계속 성장하고 있어요.

우리는 멈추지 않아요.
더 큰 목표를 향해 빠른 도전과 실패를 거듭하며 달려가고 있어요.
가슴뛰는 이 여정에 함께하고 싶다면 지금 바로 플레이하드와 함께해요.

[ PLAYHARD는 지금 이 순간에도 전 세계인을 게이머로 만들고 있어요 ]
•우르르용병단 2023 ‘Google Play Best of 2023’ 에서 Best Indies 부문 수상
•우르르용병단 2023 한국 AOS, IOS 인기게임 차트 1위 달성
•우르르용병단 2023 대만 AOS 인기게임 차트, IOS 게임 카테고리 1위 달성
•우르르용병단 2023 일본 IOS 카테고리 차트 1위 달성 / 일본 IOS 인기게임 차트 3위 달성
•공장주식회사 2,500만 누적 다운로드 기록 달성
•히어로팩토리 1,000만 누적 다운로드 기록 달성
•레드브로즈 2016 구글 인디게임 페스티벌 우승

[ PLAYHARD에는 이런 동료들이 모여 있어요 ]
• 책임감을 가지고 적극적으로 문제를 해결하려 노력해요.
• 팀과 회사에 목표와 방향성에 맞는 일이라면 책임지고 끝까지 해결하기 위해 노력해요
• 끝내는 걸로 그치지 않고 결과를 확인하고 다른 문제는 없는지 끊임 없이 고민하고 노력해요

• 더 나은 성과를 위해 다양한 시도를 절대 멈추지 않아요 .
• 현실에 안주하지 않고 더 나은 결과물을 위해 끊임없이 도전하고 노력해요.
• 누구든 다양한 의견을 낼 수 있고 그 의견이 충분히 실현될 수 있어요.

•가슴 속에 모두 열정이 가득 담긴 목표가 있어요.
• 스스로 원하는 목표가 있는 분을 선호해요. 또 그 목표를 플레이하드에서 함께 이룰 수 있도록 도와드려요.
• 플레이하드 동료들은 그 꿈을 이루기 위해 누구보다 진심으로 노력해요.

• 다양한 게임을 정말 좋아하고 즐기고 있어요.
• 직접 유저로서 다양한 게임들을 플레이해보고 즐기는 동료들이 많아요.
• 게임을 재밌게 즐겨본 경험이 많을수록 유저의 마음을 잘 이해하고 만들 수 있다고 믿어요

[ 신규 프로젝트 팀 소개 ]

• 신규 프로젝트 팀은 스스로 결정하고 빠르게 실행하는 작지만 강한 팀이에요.
- 소규모의 인원으로 1달에 1개 정도의 테스트 런칭을 하고 있어요.
- 목표 KPI를 넘어설 때까지 검증과 도전을 멈추지 않아요.
- 목표 KPI를 넘어선 후 본 개발을 진행해요.

• 신작 프로젝트 팀원 모두 각 분야의 작업자가 아닌 게임 개발자로 임해요.
- 직군에 상관 없이 모두 함께 게임의 본질을 끊임없이 고민하고 검증해요.
- 팀원 모두 함께 빠른 의사소통과 결정을 통해 최고의 팀워크로 해내요.","• 모바일 2D 캐주얼 게임의 캐릭터, 배경 등 모든 아트 리소스 제작 전반을 주도
• 유저에게 더 좋은 경험을 전달할 수 있도록 아트 관점의 아이디어를 제시하고 실행
• Unity를 활용하여 파티클 이펙트, UI 애니메이션 등 다양한 게임 연출 제작
• 실제 유저의 행동을 고려하여 UI/UX를 설계하고 Unity를 활용하여 프리팹, UI 애니메이션 등을 제작","• 모바일 2D 캐주얼 게임의 캐릭터, 배경 등 모든 아트 리소스 제작 전반을 주도
• 유저에게 더 좋은 경험을 전달할 수 있도록 아트 관점의 아이디어를 제시하고 실행
• Unity를 활용하여 파티클 이펙트, UI 애니메이션 등 다양한 게임 연출 제작
• 실제 유저의 행동을 고려하여 UI/UX를 설계하고 Unity를 활용하여 프리팹, UI 애니메이션 등을 제작",,,,"Adobe Photoshop, Unity3D",,,서울 마포구,플레이하드
[신작 프로젝트] Unity 클라이언트 개발자,"[ Let's change people into gamers! ]
지금도 내 곁에, 내 손에
플레이하드는 깊은 몰입감과 즐거움으로 오래도록 기억될 게임을 만들어요.
글로벌 누적 4,600만 다운로드, 23년 매출 200% 상승을 기록하며 계속 성장하고 있어요.

우리는 멈추지 않아요.
더 큰 목표를 향해 빠른 도전과 실패를 거듭하며 달려가고 있어요.
가슴뛰는 이 여정에 함께하고 싶다면 지금 바로 플레이하드와 함께해요.

[ PLAYHARD는 지금 이 순간에도 전 세계인을 게이머로 만들고 있어요 ]
•우르르용병단 2023 ‘Google Play Best of 2023’ 에서 Best Indies 부문 수상
•우르르용병단 2023 한국 AOS, IOS 인기게임 차트 1위 달성
•우르르용병단 2023 대만 AOS 인기게임 차트, IOS 게임 카테고리 1위 달성
•우르르용병단 2023 일본 IOS 카테고리 차트 1위 달성 / 일본 IOS 인기게임 차트 3위 달성
•공장주식회사 2,500만 누적 다운로드 기록 달성
•히어로팩토리 1,000만 누적 다운로드 기록 달성
•레드브로즈 2016 구글 인디게임 페스티벌 우승

[ PLAYHARD에는 이런 동료들이 모여 있어요 ]
• 책임감을 가지고 적극적으로 문제를 해결하려 노력해요.
• 팀과 회사에 목표와 방향성에 맞는 일이라면 책임지고 끝까지 해결하기 위해 노력해요
• 끝내는 걸로 그치지 않고 결과를 확인하고 다른 문제는 없는지 끊임 없이 고민하고 노력해요

• 더 나은 성과를 위해 다양한 시도를 절대 멈추지 않아요 .
• 현실에 안주하지 않고 더 나은 결과물을 위해 끊임없이 도전하고 노력해요.
• 누구든 다양한 의견을 낼 수 있고 그 의견이 충분히 실현될 수 있어요.

•가슴 속에 모두 열정이 가득 담긴 목표가 있어요.
• 스스로 원하는 목표가 있는 분을 선호해요. 또 그 목표를 플레이하드에서 함께 이룰 수 있도록 도와드려요.
• 플레이하드 동료들은 그 꿈을 이루기 위해 누구보다 진심으로 노력해요.

• 다양한 게임을 정말 좋아하고 즐기고 있어요.
• 직접 유저로서 다양한 게임들을 플레이해보고 즐기는 동료들이 많아요.
• 게임을 재밌게 즐겨본 경험이 많을수록 유저의 마음을 잘 이해하고 만들 수 있다고 믿어요

[ 신규 프로젝트 팀 소개 ]

• 신규 프로젝트 팀은 스스로 결정하고 빠르게 실행하는 작지만 강한 팀이에요.
- 소규모의 인원으로 1달에 1개 정도의 테스트 런칭을 하고 있어요.
- 목표 KPI를 넘어설 때까지 검증과 도전을 멈추지 않아요.
- 목표 KPI를 넘어선 후 본 개발을 진행해요.

• 신작 프로젝트 팀원 모두 각 분야의 작업자가 아닌 게임 개발자로 임해요.
- 직군에 상관 없이 모두 함께 게임의 본질을 끊임없이 고민하고 검증해요.
- 팀원 모두 함께 빠른 의사소통과 결정을 통해 최고의 팀워크로 해내요.","• Unity 엔진을 이용한 모바일 게임 개발
• 프로토타이핑, 핵심 로직 설계, 기능 구현, 최적화 
• 게임 내 주요 시스템 및 컨텐츠 개발","• Unity 엔진을 이용한 모바일 게임 개발
• 프로토타이핑, 핵심 로직 설계, 기능 구현, 최적화 
• 게임 내 주요 시스템 및 컨텐츠 개발",,,,"C#, Unity3D",,,서울 마포구,플레이하드
[신작 프로젝트] 모바일 게임 기획자,"[ Let's change people into gamers! ]
지금도 내 곁에, 내 손에
플레이하드는 깊은 몰입감과 즐거움으로 오래도록 기억될 게임을 만들어요.
글로벌 누적 4,600만 다운로드, 23년 매출 200% 상승을 기록하며 계속 성장하고 있어요.

우리는 멈추지 않아요.
더 큰 목표를 향해 빠른 도전과 실패를 거듭하며 달려가고 있어요.
가슴뛰는 이 여정에 함께하고 싶다면 지금 바로 플레이하드와 함께해요.

[ PLAYHARD는 지금 이 순간에도 전 세계인을 게이머로 만들고 있어요 ]
•우르르용병단 2023 ‘Google Play Best of 2023’ 에서 Best Indies 부문 수상
•우르르용병단 2023 한국 AOS, IOS 인기게임 차트 1위 달성
•우르르용병단 2023 대만 AOS 인기게임 차트, IOS 게임 카테고리 1위 달성
•우르르용병단 2023 일본 IOS 카테고리 차트 1위 달성 / 일본 IOS 인기게임 차트 3위 달성
•공장주식회사 2,500만 누적 다운로드 기록 달성
•히어로팩토리 1,000만 누적 다운로드 기록 달성
•레드브로즈 2016 구글 인디게임 페스티벌 우승

[ PLAYHARD에는 이런 동료들이 모여 있어요 ]
• 책임감을 가지고 적극적으로 문제를 해결하려 노력해요.
• 팀과 회사에 목표와 방향성에 맞는 일이라면 책임지고 끝까지 해결하기 위해 노력해요
• 끝내는 걸로 그치지 않고 결과를 확인하고 다른 문제는 없는지 끊임 없이 고민하고 노력해요

• 더 나은 성과를 위해 다양한 시도를 절대 멈추지 않아요 .
• 현실에 안주하지 않고 더 나은 결과물을 위해 끊임없이 도전하고 노력해요.
• 누구든 다양한 의견을 낼 수 있고 그 의견이 충분히 실현될 수 있어요.

•가슴 속에 모두 열정이 가득 담긴 목표가 있어요.
• 스스로 원하는 목표가 있는 분을 선호해요. 또 그 목표를 플레이하드에서 함께 이룰 수 있도록 도와드려요.
• 플레이하드 동료들은 그 꿈을 이루기 위해 누구보다 진심으로 노력해요.

• 다양한 게임을 정말 좋아하고 즐기고 있어요.
• 직접 유저로서 다양한 게임들을 플레이해보고 즐기는 동료들이 많아요.
• 게임을 재밌게 즐겨본 경험이 많을수록 유저의 마음을 잘 이해하고 만들 수 있다고 믿어요

[ 신규 프로젝트 팀 소개 ]

• 신규 프로젝트 팀은 스스로 결정하고 빠르게 실행하는 작지만 강한 팀이에요.
- 소규모의 인원으로 1달에 1개 정도의 테스트 런칭을 하고 있어요.
- 목표 KPI를 넘어설 때까지 검증과 도전을 멈추지 않아요.
- 목표 KPI를 넘어선 후 본 개발을 진행해요.

• 신작 프로젝트 팀원 모두 각 분야의 작업자가 아닌 게임 개발자로 임해요.
- 직군에 상관 없이 모두 함께 게임의 본질을 끊임없이 고민하고 검증해요.
- 팀원 모두 함께 빠른 의사소통과 결정을 통해 최고의 팀워크로 해내요.

[ 채용 전형]

서류 전형 ＞ 과제 전형 ＞ 1차 인터뷰 ＞ 2차 인터뷰 ＞ 처우 협의

* 과제 전형의 경우 소정의 과제비를 지급해드리고 있습니다.
* 1차 인터뷰 전형은 기획자분들과 피플팀원이 참석하여 진행하고 있으며 1시간 내외 소요됩니다.
* 2차 인터뷰 전형은 대표 / 피플팀 리드가 참석하여 진행하며 1차 인터뷰 합격하신 분들께 별도로 안내드리고 있습니다.","•  플레이어 행동/경험 데이터를 기반으로 게임 밸런스 기획
    - 플레이어 행동/경험 측면으로 기획 방향 제시 및 상세 기획
• 지표 분석을 통한 게임 운영 및 개선
    - 모바일 비즈니스 지표(리텐션, LTV,CPI)에 대한 사전 지식을 기반으로 지표 분석
    - 모바일 비즈니스 지표 분석을 통한 게임의 개선사항 도출
•  게임 트렌드 분석 및 캐주얼 게임 기획
    - 유저가 원하는 게임을 만들기 위한 모바일 게임 시장 트렌드 분석","•  플레이어 행동/경험 데이터를 기반으로 게임 밸런스 기획
    - 플레이어 행동/경험 측면으로 기획 방향 제시 및 상세 기획
• 지표 분석을 통한 게임 운영 및 개선
    - 모바일 비즈니스 지표(리텐션, LTV,CPI)에 대한 사전 지식을 기반으로 지표 분석
    - 모바일 비즈니스 지표 분석을 통한 게임의 개선사항 도출
•  게임 트렌드 분석 및 캐주얼 게임 기획
    - 유저가 원하는 게임을 만들기 위한 모바일 게임 시장 트렌드 분석",,,,"커피·스낵바, 편의시설, 건강검진지원, 보너스, 식대지원, 50명이하, 설립4~9년, 연봉상위6~10%, 인원 급성장",상시채용,,서울 마포구,플레이하드
그랜드체이스 이펙트,"코그는 엘소드, 그랜드체이스, 파이터스클럽, 히어로, 아이마, 얼티밋레이스, 커츠펠등 다수의 게임을 개발하고 전세계에 서비스하고 있습니다. 2023년 7월에 신작 프로젝트 리턴 얼라이브 CBT를 진행했습니다.

현재 한국의 대구와 서울, 미국의 LA, 필리핀의 마닐라에 거점을 두고 약300명의 직원이 일하고 있으며, 특히 그랜드체이스와 엘소드는 브라질, 대만, 필리핀 등에서 1위를 차지한 성공적인 경험을 가지고 있습니다.

코그의 가장 큰 특징은, 매 게임마다 항상 창의성을 가지고 새로운 것 들을 추구해 온 것입니다.
`그랜드체이스`는 온라인 대전이라는 새로운 장르를 개척하여 많은 후속 게임들에게 영향을 끼치고 있습니다. 또한 `와일드 랠리`를 통해서, 온라인 레이싱 분야를 개척하였습니다. 현재도 이러한 코그만의 특징이자 장점인 새로운 것을 추구하기 위해 개발과 게임에 대한 연구에 많은 투자를 하고 있습니다.

코그는 함께 성장해 나가기 위해 국내와 해외로 가는 워크샵을 진행하고 각 파트 별로 정기적인 스터디 모임을 지원하고, 외부 유명강사를 초청하여 강연을 하며 이러한 프로그램들을 통해 직원들의 발전을 중요하게 생각하고 노력 하고 있습니다.



KOG 블로그","• 메인 캐릭터 스킬 및 연출 이펙트업무
• 몬스터 스킬, UI 이펙트
• 던전 배경 이펙트","• 메인 캐릭터 스킬 및 연출 이펙트업무
• 몬스터 스킬, UI 이펙트
• 던전 배경 이펙트",,,,"연봉상위11~20%, 51~300명, 건강검진지원, 휴가비, 커피·스낵바, 편의시설, 사내동호회, 출산휴가, 육아휴직, 참 괜찮은 중소기업, 인원 급성장, 설립10년이상",상시채용,"신속 간결한 스타일, 과정 중심 질문, 답변을 유도해 준 편, 캐주얼/편한 분위기",대구 중구,코그
Meta Designer (메타 기획자),"* 베이글코드를 소개합니다.
베이글코드는 글로벌 시장을 무대로 빠르게 성장하고 있는 모바일 게임 기업입니다.
베이글코드는 '글로벌, 성장, 즐거움'라는 키워드를 가지고 전 세계 사람들이 즐길 수 있는 모바일 게임을 개발하고 운영하고 있습니다. 2012년 창업 초기 때부터 현재까지 글로벌 시장에서 쌓아 온 탄탄한 데이터, AI 기술, 마케팅 역량을 바탕으로 최상의 게임 서비스를 제공하고 있습니다.
전 세계 5,000만 명이 즐기고 있는 베이글코드의 대표작으로는 클럽 베가스, 캐시 빌리어네어, 잭팟 매드니스 등이 있습니다. 특히, 클럽 베가스는 소셜카지노 평균 플레이 시간 1위를 자랑하며 2022년 미국 안드로이드 전체 매출 TOP 100에 진입하기도 했습니다. 현재 베이글코드는 소셜카지노 분야 성공 경험을 기반으로 장르 다각화를 위해 국내외 세계 곳곳에서 캐주얼 게임을 개발하고 있습니다.
베이글코드는 한국, 베트남, 이스라엘, 우크라이나에 오피스가 있고, 이 외에도 다양한 국적의 인재들이 함께 하고 있습니다. 다른 문화, 언어, 배경의 동료를 존중하며 공동의 목표를 달성하기 위해 협업합니다.
베이글코드의 2023년 매출액은 1,062억 원으로 최근 5년간 연평균 60% 고속 성장을 기록했습니다. 베이글코드는 우리의 업무가 즐거워야만 우리의 게임이 즐겁게 플레이 될 수 있다고 믿고 있습니다. 글로벌 유수의 인재들과 함께 협업할 수 있고, 더 많은 가치를 만들며 즐겁게 성장할 수 있는 베이글코드에 탑승하세요.

※ CEO Interview 영상을 통해 베이글코드에 더욱 자세히 알아보세요! -＞","이런 일을 함께하고 싶습니다.    
• 소셜카지노게임의 메타 설계 및 경제 밸런싱
• 클럽 베가스 게임에 필요한 유료화 상품을 기획
• 주요 상품에 대한 데이터 분석 및 개선
• 프로덕트 오너로서 게임개발에 관련된 전반적인 업무","이런 일을 함께하고 싶습니다.    
• 소셜카지노게임의 메타 설계 및 경제 밸런싱
• 클럽 베가스 게임에 필요한 유료화 상품을 기획
• 주요 상품에 대한 데이터 분석 및 개선
• 프로덕트 오너로서 게임개발에 관련된 전반적인 업무",,,,"식대지원, 커피·스낵바, 자기계발지원, 유망산업, 51~300명, AI 선도 기업, 연봉상위6~10%, 인원 급성장, 설립10년이상, 누적투자100억이상",상시채용,"신속 간결한 스타일, 과정 중심 질문, 답변을 유도해 준 편, 자유롭고 편한 환경",서울 강남구,베이글코드(Bagelcode)
[가디스오더] UI 디자이너,"픽셀트라이브(PIXELTRIBE)는 픽셀아트라는 강한 아이덴티티에 기반하여, 단결된 조직력으로 글로벌 게임 시장에서 강한 영향력을 펼치고자 2024년 2월에 설립된 신규 게임 개발사입니다.

""Tribe : 부족""
전통적인 가치와 문화를 중시하지만, 동시에 새로운 도전과 변화를 받아들일 수 있는 유연성도 갖추고 있는 것이 바로 '부족'이라고 생각합니다.
우리 모두가 조직의 구성원으로서 각자의 역할과 책임을 완수하며, 모두가 함께 연결되어 우리의 목표를 달성하는 조직이 되고자 합니다.

＃High-Quality 2D 프로젝트에 관심이 많고
＃깊이 있는 스토리의 진정성을 통한 콘텐츠의 힘을 믿고
＃대중적이고, 위트 있으면서도 오랫동안 사랑 받을 명작 제작에 기여하고 싶으시다면

픽셀트라이브 여정에 함께해 주세요.
우리와 함께 글로벌 게임 시장에서 새로운 역사를 써 내려가고 싶은 여러분을 기다립니다.


Ι 우리는 이렇게 일하고 있어요!
＃CREATIVE
전 세계 게이머에게 인정받을 수 있는 창의적인 경험을 추구합니다.

＃ CALIBARTED
게임의 핵심과 차별화 포인트를 일찍 그리고 더 자주 검증합니다.

＃COST EFFECTIVE
물량보단 창발적 콘텐츠를, 그리고 개발 과정에서의 효율성을 추구합니다.


Ι 시스템 기획팀을 소개해 드립니다!
우리 팀은 게임 개발 과정에서 시스템 기획을 전문적으로 담당하는 조직입니다.
창의적인 아이디어를 바탕으로 게임의 핵심 메커니즘을 설계하고, 이를 통해 플레이어에게 최상의 게임 경험을 제공하는 것을 목표로 하고 있습니다.
우리 조직의 목표는 혁신적인 게임 시스템을 통해 전 세계 플레이어들에게 즐거움과 도전의 재미를 선사하는 것이며, 우리와 함께 하고 싶으신 분들을 두 팔 벌려 환영합니다.","합류 후 함께하실 업무에 대해서 소개해 드릴게요.

• ""Goddess Order""의 UI 디자이너 업무를 담당합니다.
• UI/UX에 대한 이해를 바탕으로 UI 리소스 제작 및 UI 프리팸을 작성합니다.
• 기존 UI 스타일에 맞추어 새로운 시스템의 리소스 또는 기존 UI 수정 작업을 진행합니다.","합류 후 함께하실 업무에 대해서 소개해 드릴게요.

• ""Goddess Order""의 UI 디자이너 업무를 담당합니다.
• UI/UX에 대한 이해를 바탕으로 UI 리소스 제작 및 UI 프리팸을 작성합니다.
• 기존 UI 스타일에 맞추어 새로운 시스템의 리소스 또는 기존 UI 수정 작업을 진행합니다.",,,,"복지포인트, 식대지원, 건강검진지원",상시채용,,,픽셀트라이브
[가디스오더] 픽셀 아티스트,"픽셀트라이브(PIXELTRIBE)는 픽셀아트라는 강한 아이덴티티에 기반하여, 단결된 조직력으로 글로벌 게임 시장에서 강한 영향력을 펼치고자 2024년 2월에 설립된 신규 게임 개발사입니다.

""Tribe : 부족""
전통적인 가치와 문화를 중시하지만, 동시에 새로운 도전과 변화를 받아들일 수 있는 유연성도 갖추고 있는 것이 바로 '부족'이라고 생각합니다.
우리 모두가 조직의 구성원으로서 각자의 역할과 책임을 완수하며, 모두가 함께 연결되어 우리의 목표를 달성하는 조직이 되고자 합니다.

＃High-Quality 2D 프로젝트에 관심이 많고
＃깊이 있는 스토리의 진정성을 통한 콘텐츠의 힘을 믿고
＃대중적이고, 위트 있으면서도 오랫동안 사랑 받을 명작 제작에 기여하고 싶으시다면

픽셀트라이브 여정에 함께해 주세요.
우리와 함께 글로벌 게임 시장에서 새로운 역사를 써 내려가고 싶은 여러분을 기다립니다.


Ι 우리는 이렇게 일하고 있어요!
＃CREATIVE
전 세계 게이머에게 인정받을 수 있는 창의적인 경험을 추구합니다.

＃ CALIBARTED
게임의 핵심과 차별화 포인트를 일찍 그리고 더 자주 검증합니다.

＃COST EFFECTIVE
물량보단 창발적 콘텐츠를, 그리고 개발 과정에서의 효율성을 추구합니다.


Ι 도트팀을 소개해 드립니다!
가디스오더 프로젝트에서 체계적인 업무 프로세스를 통해 도트 캐릭터의 컨셉, 애니메이션 작업을 위한 파츠 작업을 하고 있습니다.
게임의 기본인 도트를 통해 새로운 세계를 함께 만들어 가실 분을 환영하고 있습니다.
구성원 모두가 애자일 환경에서 주도적이고 능통적인 자세로 프로젝트에 임하고 있으니, 도트에 진심이신 분으로 함께 성장하고 싶으신 분이 있다면 꼭 지원해 주세요!","합류 후 함께하실 업무에 대해서 소개해 드릴게요.

• ""Goddess Order""의 도트 캐릭터 컨셉 및 애니메이션 작업을 위한 파츠 작업을 담당합니다.
• 스킬 또는 장비 아이콘 작업 업무도 병행하여 진행하실 수 있습니다.","합류 후 함께하실 업무에 대해서 소개해 드릴게요.

• ""Goddess Order""의 도트 캐릭터 컨셉 및 애니메이션 작업을 위한 파츠 작업을 담당합니다.
• 스킬 또는 장비 아이콘 작업 업무도 병행하여 진행하실 수 있습니다.",,,,"복지포인트, 식대지원, 건강검진지원",상시채용,,,픽셀트라이브
PM,"앤유는 PC MMORPG 개발 착수와 함께 설립된 회사로 우리가 만든 게임으로 전세계 유저들과 소통하는 꿈을 앞당기기 위해 끊임없이 도전하고 성장하고 있습니다.

유저를 먼저 생각하고 유저와 함께 하며 유저가 원하는 게임을 만들고자 하는 게임 회사입니다.
앤유는 게임을 통해 유저 그리고 직원들에게 즐거움을 선사할 것입니다.

즐거움에 대한 열정과 자기만의 빛나는 역량을 지닌 당신의 합류를 기대합니다.","• 로드맵에 맞춘 피처 일정/일감 생성 및 관리
• 피처 관련 리스크 파악, 보고, 조율
• 내외적인 커뮤니케이션 진행, 이슈사항 체크 및 조율
• 효율적인 업무 프로세스 수립/개선 관리","• 로드맵에 맞춘 피처 일정/일감 생성 및 관리
• 피처 관련 리스크 파악, 보고, 조율
• 내외적인 커뮤니케이션 진행, 이슈사항 체크 및 조율
• 효율적인 업무 프로세스 수립/개선 관리",,,,JIRA,,,서울 서초구,앤유
게임 플랫폼 SDK 개발,"직무 Summary

게임과 기술 기반 신사업 컨텐츠 서비스의 플랫폼 SDK 소프트웨어 프로그래밍 업무를 담당합니다. 전 세계 팬들을 만족시킬 수 있는 게임과 신사업 컨텐츠의 기반이 되는 글로벌 서비스 플랫폼의 개발에 참여하며 새로운 시장을 개척하는 경험을 할 수 있습니다.","[주요 업무책임] 
• 글로벌 유저를 대상으로 한 게임의 플랫폼 SDK를 개발 합니다.
• 게임 서비스를 제공하는 다양한 환경(iOS, Android, PC, PlayStation)에서 플랫폼 연동 소프트웨어를 개발 합니다.
• 멀티 플랫폼 환경에서 Unity/Unreal 등 게임 엔진에 최적화된 소프트웨어를 개발합니다.
• 런처, 리모트 플레이어 등 PC 및 모바일앱 개발에 참여 할 수 있습니다.
• 동료들과 코드 리뷰를 통해 개선점과 문제 해결 방법을 함께 찾습니다.","[주요 업무책임] 
• 글로벌 유저를 대상으로 한 게임의 플랫폼 SDK를 개발 합니다.
• 게임 서비스를 제공하는 다양한 환경(iOS, Android, PC, PlayStation)에서 플랫폼 연동 소프트웨어를 개발 합니다.
• 멀티 플랫폼 환경에서 Unity/Unreal 등 게임 엔진에 최적화된 소프트웨어를 개발합니다.
• 런처, 리모트 플레이어 등 PC 및 모바일앱 개발에 참여 할 수 있습니다.
• 동료들과 코드 리뷰를 통해 개선점과 문제 해결 방법을 함께 찾습니다.",,,,"출산휴가, 육아휴직, 무제한연차, 51~300명, 연봉상위2~5%, 설립3년이하, 인원 급성장, 누적투자100억이상",상시채용,,서울 강남구,하이브아이엠
영어 로컬라이제이션 담당자,"111퍼센트는 재미라는 본질에 집중합니다.
재미는 심플하고, 참신한 룰에서 나옵니다.

바둑이 흑과 백, 두가지 돌과 심플한 룰로 약 5,000년 동안 인류를 즐겁게 했고,
랜덤 다이스 디펜스가 주사위와 참신한 룰로 약 2,500만 유저를 즐겁게 했듯,
재미있는 게임은 기획부터 런칭까지 6개월이면 충분합니다.

공감 : 111퍼센트만의 개발 속도와 방향성에 깊이 공감하고, 변화에 민첩하게 대응합니다.
도전 : 실패를 두려워 하지 않고, 그 과정을 발판삼아 한단계 성장하여, 다음 도전에서는 성공가능성을 높입니다.
몰입 : 매우 깊고 밀도 있는 몰입으로 매 순간 최고의 속도를 내며 우리의 성공을 앞당깁니다.

111퍼센트는 위 핵심가치를 따라 매번 최고의 속도를 내며 계속해서 도전하고 있습니다.
변화와 실패를 두려워하지 않고, 빠르고 깊은 몰입을 통해 세상에 없던 재미를 개발하고 싶으신 분들을 두 팔 벌려 환영합니다.


* 채용전형
서류전형 ＞ 과제 전형 ＞ 1차 인터뷰 ＞ 2차 인터뷰 ＞ 처우 협상 ＞ 최종합격

* 고용형태
- 정규직 (수습기간 3개월)

* 파일 첨부할 경우 PDF파일로 첨부해주세요.


111퍼센트 운영팀 로컬라이제이션셀 소개

111퍼센트의 로컬라이제이션셀은 개발 중이거나 라이브 서비스 중인 모든 타이틀의
텍스트, 마케팅 소재 등 로컬라이제이션이 필요한 모든 것을 대응 및 관리하는 조직입니다.
단순한 번역의 수준을 넘어 각 언어의 문화적 차이를 이해하고 이를 바탕으로 한 로컬라이제이션을 추구합니다.

더 많은 전 세계 유저 분들이 111퍼센트의 게임이 가진 독특한 게임성을 즐길 수 있도록 함께 기여하실 분을 모집합니다.","• 게임 컨텐츠 및 운영에 필요한 텍스트 영문 번역 및 검수
• 영어권 대상 마케팅 에셋 현지화, 스토어 에셋 제작 가이드
• 라이브 게임의 영문 고객 문의 응대 언어 번역 담당자","• 게임 컨텐츠 및 운영에 필요한 텍스트 영문 번역 및 검수
• 영어권 대상 마케팅 에셋 현지화, 스토어 에셋 제작 가이드
• 라이브 게임의 영문 고객 문의 응대 언어 번역 담당자",,,,"편의시설, 건강검진지원, 커피·스낵바, 식대지원, 연봉상위11~20%, 51~300명, 설립4~9년",상시채용,"신속 간결한 스타일, 과정 중심 질문, 진중/칼같은 스타일, 캐주얼/편한 분위기",서울 강남구,111퍼센트
[Fantastic Baseball] 야구게임 서버 프로그래머,"'대한민국 최고를 넘어 글로벌 최고를 지향하는 라운드원스튜디오'

라운드원스튜디오는 스포츠와 게임에 진심입니다.
라운드원스튜디오는 3N사의 플랫폼을 통해 스포츠 게임을 제작하고, 서비스했던 경험을 바탕으로 스포츠를 즐길 수있는 플레이 그라운드를 만들기 위해 오늘도 창의적이고 색다른 시도를 하고 있습니다.

수평적인 조직문화와, 실패에 대한 두려움 없이 끊임 없는 도전으로 스포츠게임 시장을 선도하는 글로벌 기업으로 나아가는 라운드원스튜디오와 함께할 지원자를 찾습니다.

* 왜 라운드원스튜디오와 함께 해야 할까요?

1. [대형 게임사 출신 구성원들이 모여 열심히 회사와 함께 성장하고 있습니다.]

- 2022년 초 설립하였으며, 국내 유수의 게임사들 에서 직접 게임을 개발하고 운영했던 경험을 가진 분들이 함께하고 있습니다.


2. [2024년 상반기 Fantastic Baseball 글로벌 런칭]

- 첫 번째 프로젝트인 Fantastic Baseball을 설립 2년 만인 2024년에 글로벌 런칭하였습니다.
- Fantastic Baseball은 KBO, MLB, CPBL 정식 라이선스를 적용한 유일한 모바일 야구 게임입니다.


3. [추가 프로젝트를 위한 사세 확장]

- 2022년 설립 후 회사는 지속적으로 성장하고 있습니다.
- 첫 번째 프로젝트의 안정화와 이후에 진행중인 프로젝트의 원활한 개발을 위해 추가 인력을 채용 중입니다.","• 모바일 게임 서버 개발 및 운영
• 운영툴 설계 및 개발","• 모바일 게임 서버 개발 및 운영
• 운영툴 설계 및 개발",,,,"50명이하, 커피·스낵바, 자율복장, 편의시설, 연봉상위6~10%, 설립3년이하, 인원 급성장, 유연근무",상시채용,,서울 강남구,라운드원스튜디오
게임 시스템/밸런스 기획,"Entertain the world with best social gaming!
미투온은 “최고의 모바일 소셜 게임들로 지구인을 더 즐겁게!” 라는 미션을 중심으로 게임을 통해 전 세계 사람들에게 더 많은 즐거움을 전달하고자 무한한 열정을 가지고 끊임없는 도전을 하고 있는 글로벌 게임 개발사입니다.

“Me To Online”라는 뜻을 가진 미투온은 2010년 설립 이후, 풀팟홀덤포커(Fulpot Poker), 풀하우스카지노(Full House Casino)등 글로벌 히트작을 선보이며 아시아 No.1 모바일 소셜카지노 게임 개발사로 성장하였고 2016년 10월 코스닥에 상장이 되었습니다. 상장 후 2017년, 홍콩 최고의 소셜카지노 및 캐주얼 카드 게임 개발사인 `미투젠(ME2ZEN Limited)`을 인수하여 소셜카지노를 넘어 캐주얼 게임으로의 글로벌 사업 확장을 하고 있으며 미투젠은 2020년 8월 코스닥에 상장이 되었습니다.","- 게임 내 경제 및 보상 관련 밸런스 디자인 설정
- 레벨 디자인 전반
- 유료화 상품 기획","- 게임 내 경제 및 보상 관련 밸런스 디자인 설정
- 레벨 디자인 전반
- 유료화 상품 기획",,,,"보너스, 커피·스낵바, 식대지원, 편의시설, 연봉상위11~20%, 50명이하, 인원 급성장, 설립10년이상",상시채용,"신속 간결한 스타일, 과정 중심 질문, 친절/따뜻한 스타일, 자유롭고 편한 환경",서울 강남구,미투온
신입 개발자,"- 컴투스 창업자의 새로운 도전… ""해긴은 모두가 행복한 게임회사를 꿈꿉니다""
(","• 서버개발자 : 게임서버의 확장성과 안정성을 보장하기 위해, 서버 아키텍처를 최적화 하고, 서버 성능을 모니터링 하며, 용량을 조절하는 작업을 수행합니다.
• 클라이언트 개발자 : 게임 클라이언트와 서버간의 통신을 관리하고, 게임 내 데이터베이스를 관리하며, 게임 내에서 발생하는 문제를 해결하기 위한 도구와 기능을 개발합니다.
• 신입개발자는 게임 개발팀으로 가기전 다양한 개발업무를 경험한 후, 실무팀 개발자로 배정됩니다.","• 서버개발자 : 게임서버의 확장성과 안정성을 보장하기 위해, 서버 아키텍처를 최적화 하고, 서버 성능을 모니터링 하며, 용량을 조절하는 작업을 수행합니다.
• 클라이언트 개발자 : 게임 클라이언트와 서버간의 통신을 관리하고, 게임 내 데이터베이스를 관리하며, 게임 내에서 발생하는 문제를 해결하기 위한 도구와 기능을 개발합니다.
• 신입개발자는 게임 개발팀으로 가기전 다양한 개발업무를 경험한 후, 실무팀 개발자로 배정됩니다.",,,,Unity3D,,,서울 구로구,해긴
게임기획PM,"Entertain the world with best social gaming!
미투온은 “최고의 모바일 소셜 게임들로 지구인을 더 즐겁게!” 라는 미션을 중심으로 게임을 통해 전 세계 사람들에게 더 많은 즐거움을 전달하고자 무한한 열정을 가지고 끊임없는 도전을 하고 있는 글로벌 게임 개발사입니다.

“Me To Online”라는 뜻을 가진 미투온은 2010년 설립 이후, 풀팟홀덤포커(Fulpot Poker), 풀하우스카지노(Full House Casino)등 글로벌 히트작을 선보이며 아시아 No.1 모바일 소셜카지노 게임 개발사로 성장하였고 2016년 10월 코스닥에 상장이 되었습니다. 상장 후 2017년, 홍콩 최고의 소셜카지노 및 캐주얼 카드 게임 개발사인 `미투젠(ME2ZEN Limited)`을 인수하여 소셜카지노를 넘어 캐주얼 게임으로의 글로벌 사업 확장을 하고 있으며 미투젠은 2020년 8월 코스닥에 상장이 되었습니다.","- 풀하우스카지노(소셜카지노) 게임PM
- 프로젝트 전략에 따른 기획 방향 설정 및 고도화
- 기획 일정에 따른 유관부서 협업 관리","- 풀하우스카지노(소셜카지노) 게임PM
- 프로젝트 전략에 따른 기획 방향 설정 및 고도화
- 기획 일정에 따른 유관부서 협업 관리",,,,"보너스, 커피·스낵바, 식대지원, 편의시설, 연봉상위11~20%, 50명이하, 인원 급성장, 설립10년이상",상시채용,"신속 간결한 스타일, 과정 중심 질문, 친절/따뜻한 스타일, 자유롭고 편한 환경",서울 강남구,미투온
뉴미디어 컨텐츠 개발자,"아이엠파인은 체험형 인터렉티브 솔루션을 개발하는 업체입니다.
LED, 디스플레이, 모바일등 다양한 플랫폼을 타겟으로 하는만큼 이분야에서 다양한 경험을 가지신 인터렉티브 개발자를 모시고 있습니다.
개발 툴은 유니티와 언리얼을 주력으로 사용하고 있습니다.","• 유니티3D, 언리얼을 활용한 콘텐츠 개발
• 유니티3D,언리얼을 활용한 모바일 어플리케이션 개발
• 유니티3D,언리얼을 활용한 리얼타임 VFX 제작 및 SHADER 개발","• 유니티3D, 언리얼을 활용한 콘텐츠 개발
• 유니티3D,언리얼을 활용한 모바일 어플리케이션 개발
• 유니티3D,언리얼을 활용한 리얼타임 VFX 제작 및 SHADER 개발",,,,"Git, Unreal Engine, Unity3D, Photoshop Elements, Notion",,,서울 마포구,아이엠파인
[Unannounced Project] UI Technical Artist Lead,"[EA Korea Studio는…]

EA Korea Studio는 서울에 위치한 EA의 게임 개발 스튜디오로서 AAA급 스포츠 게임인 FIFA online 시리즈, Need for speed online, MLB online등을 개발해 왔으며, 글로벌 게임의 현지화를 넘어 새로운 게임 트렌드를 리드하는 종합적인 개발 스튜디오로 성장해나가고 있습니다.

현실감 있는 그래픽, 실제 경기 현장을 반영한 다채로운 콘텐츠 등 독자적인 개발 능력을 갖춘 EA Korea Studio는 Game Designer(게임 기획자), Artist(아티스트), Software Engineer(소프트웨어 개발자), Development Director(개발PM), Producer 등으로 구성된 대규모 개발팀으로서 개발부터 라이브 서비스까지 전 과정을 책임지고 있습니다.

EA Korea Studio는 글로벌 EA의 체계적인 개발 프로세스에 따라, 개발 계획 수립, 게임 디자인 확정, 시각적 방향성 설정, 구현 및 QA에 이르기까지 개발 전과정을 명문화된 프로세스에 기반하여 진행합니다. 동시에 개발 참여자의 피드백을 바탕으로 효율 개선 중심의 프로세스 고도화 및 최적화를 추구하며 지속적으로 개선해 나가고 있습니다.

EA Korea는 구성원의 일과 삶의 균형을 중시합니다. 유연근무제를 통해 자신의 라이프 스타일에 맞게 근무시간을 주도적으로 계획해나갈 수 있으며, 포스트 코로나 시대에 발맞춰 Hybrid 근무 제도 (오피스 근무 & 재택 근무 병행)를 시행하고 있습니다","[Unannounced Project] Technical Experience Designer Lead* (인재풀)

* 비즈니스 타이틀은 비즈니스 상황에 따라 변동 가능한 점을 안내드립니다.

• 인하우스 & 아웃소싱 인력들이 함께 개발하는 인게임의 모든 UI 개발 진행을 관리하고 감독
- 독점 엔진 기반으로 제작되는 게임 프론트 엔드 및 HUD를 위한 레이아웃, 모션 데모 설계 계획을 리뷰하고 관리
- UI구현 중 발생하는 개발 이슈들에 적극적으로 대응하며 해결 방안을 모색

• UI개발의 모범적인 워크 플로우를 연구하며 고도화
- Code 및 Art, 양방향의 관점에서 비쥬얼 스크립팅에 최적화된 접근법 및 파이프라인을 제안
- UI개발팀을 위한 명명 규칙, 아트 저장소, 도구 및 스크립트를 유지, 관리하고 작성하는 책임자
- 사용자 인터액션 및 게임 디자인에 영향을 미치는 새로운 기술을 파악하여 팀에 제안

• 계획적 아웃소싱 관리
- UI 개발의 아웃 소싱 관련한 Workflow, Pipeline에 대한 전문지식을 문서화하여 팀내/외에 전파
- 담당 Feature UI와 관련된 외부 협력업체들과 협업하고, 일정 및 품질 관리 주도

• 혁신을 위한 지식 공유
- 선행/고급 UI 개발 도구 및 기술을 탐구하며 팀의 장기적 문제를 해결
- 팀 내의 Experience Designer, Client SE 및 관계자들에게 본인의 전문 분야에 관한 지식을 전파하고 관련 멘토링을 진행","[Unannounced Project] Technical Experience Designer Lead* (인재풀)

* 비즈니스 타이틀은 비즈니스 상황에 따라 변동 가능한 점을 안내드립니다.

• 인하우스 & 아웃소싱 인력들이 함께 개발하는 인게임의 모든 UI 개발 진행을 관리하고 감독
- 독점 엔진 기반으로 제작되는 게임 프론트 엔드 및 HUD를 위한 레이아웃, 모션 데모 설계 계획을 리뷰하고 관리
- UI구현 중 발생하는 개발 이슈들에 적극적으로 대응하며 해결 방안을 모색

• UI개발의 모범적인 워크 플로우를 연구하며 고도화
- Code 및 Art, 양방향의 관점에서 비쥬얼 스크립팅에 최적화된 접근법 및 파이프라인을 제안
- UI개발팀을 위한 명명 규칙, 아트 저장소, 도구 및 스크립트를 유지, 관리하고 작성하는 책임자
- 사용자 인터액션 및 게임 디자인에 영향을 미치는 새로운 기술을 파악하여 팀에 제안

• 계획적 아웃소싱 관리
- UI 개발의 아웃 소싱 관련한 Workflow, Pipeline에 대한 전문지식을 문서화하여 팀내/외에 전파
- 담당 Feature UI와 관련된 외부 협력업체들과 협업하고, 일정 및 품질 관리 주도

• 혁신을 위한 지식 공유
- 선행/고급 UI 개발 도구 및 기술을 탐구하며 팀의 장기적 문제를 해결
- 팀 내의 Experience Designer, Client SE 및 관계자들에게 본인의 전문 분야에 관한 지식을 전파하고 관련 멘토링을 진행",,,,"Unreal Engine, Python, Perforce, UI 디자인, Photoshop Elements, Adobe Animate",,,서울 강남구,Electronic Arts Korea (EA Korea)
[Unannounced Project] Technical Designer Lead,"[EA Korea Studio는…]

EA Korea Studio는 서울에 위치한 EA의 게임 개발 스튜디오로서 AAA급 스포츠 게임인 FIFA online 시리즈, Need for speed online, MLB online등을 개발해 왔으며, 글로벌 게임의 현지화를 넘어 새로운 게임 트렌드를 리드하는 종합적인 개발 스튜디오로 성장해나가고 있습니다.

현실감 있는 그래픽, 실제 경기 현장을 반영한 다채로운 콘텐츠 등 독자적인 개발 능력을 갖춘 EA Korea Studio는 Game Designer(게임 기획자), Artist(아티스트), Software Engineer(소프트웨어 개발자), Development Director(개발PM), Producer 등으로 구성된 대규모 개발팀으로서 개발부터 라이브 서비스까지 전 과정을 책임지고 있습니다.

EA Korea Studio는 글로벌 EA의 체계적인 개발 프로세스에 따라, 개발 계획 수립, 게임 디자인 확정, 시각적 방향성 설정, 구현 및 QA에 이르기까지 개발 전과정을 명문화된 프로세스에 기반하여 진행합니다. 동시에 개발 참여자의 피드백을 바탕으로 효율 개선 중심의 프로세스 고도화 및 최적화를 추구하며 지속적으로 개선해 나가고 있습니다.

EA Korea는 구성원의 일과 삶의 균형을 중시합니다. 유연근무제를 통해 자신의 라이프 스타일에 맞게 근무시간을 주도적으로 계획해나갈 수 있으며, 포스트 코로나 시대에 발맞춰 Hybrid 근무 제도 (오피스 근무 & 재택 근무 병행)를 시행하고 있습니다","• 인하우스 & 아웃소싱 인력들이 함께 개발하는 인게임의 모든 UI 개발 진행을 관리하고 감독
- 독점 엔진 기반으로 제작되는 게임 프론트 엔드 및 HUD를 위한 레이아웃, 모션 데모 설계 계획을 리뷰하고 관리
- UI구현 중 발생하는 개발 이슈들에 적극적으로 대응하며 해결 방안을 모색

• UI개발의 모범적인 워크 플로우를 연구하며 고도화
- Code 및 Art, 양방향의 관점에서 비쥬얼 스크립팅에 최적화된 접근법 및 파이프라인을 제안
- UI 개발팀을 위한 명명 규칙, 아트 저장소, 도구 및 스크립트를 유지,관리하고 작성하는 책임자
- 사용자 인터액션 및 게임 디자인에 영향을 미치는 새로운 기술을 파악하여 팀에 제안

• 계획적 아웃소싱 관리
- UI 개발의 아웃 소싱 관련한 Workflow, Pipeline에 대한 전문지식을 문서화하여 팀내/외에 전파
- 담당 Feature UI와 관련된 외부 협력업체들과 협업하고, 일정 및 품질 관리 주도

• 혁신을 위한 지식 공유
- 선행/고급 UI 개발 도구 및 기술을 탐구하며 팀의 장기적 문제를 해결
- 팀 내의 Experience Designer, Client SE 및 관계자들에게 본인의 전문 분야에 관한 지식을 전파하고 관련 멘토링을 진행","• 인하우스 & 아웃소싱 인력들이 함께 개발하는 인게임의 모든 UI 개발 진행을 관리하고 감독
- 독점 엔진 기반으로 제작되는 게임 프론트 엔드 및 HUD를 위한 레이아웃, 모션 데모 설계 계획을 리뷰하고 관리
- UI구현 중 발생하는 개발 이슈들에 적극적으로 대응하며 해결 방안을 모색

• UI개발의 모범적인 워크 플로우를 연구하며 고도화
- Code 및 Art, 양방향의 관점에서 비쥬얼 스크립팅에 최적화된 접근법 및 파이프라인을 제안
- UI 개발팀을 위한 명명 규칙, 아트 저장소, 도구 및 스크립트를 유지,관리하고 작성하는 책임자
- 사용자 인터액션 및 게임 디자인에 영향을 미치는 새로운 기술을 파악하여 팀에 제안

• 계획적 아웃소싱 관리
- UI 개발의 아웃 소싱 관련한 Workflow, Pipeline에 대한 전문지식을 문서화하여 팀내/외에 전파
- 담당 Feature UI와 관련된 외부 협력업체들과 협업하고, 일정 및 품질 관리 주도

• 혁신을 위한 지식 공유
- 선행/고급 UI 개발 도구 및 기술을 탐구하며 팀의 장기적 문제를 해결
- 팀 내의 Experience Designer, Client SE 및 관계자들에게 본인의 전문 분야에 관한 지식을 전파하고 관련 멘토링을 진행",,,,"Unreal Engine, Python, Perforce, UI 디자인, Photoshop Elements, Adobe Animate",,,서울 강남구,Electronic Arts Korea (EA Korea)
언리얼 레벨 디자이너,"여기, 창업 6개월만에 27억 규모의 pre-A 투자를 마무리한 기술 기반의 독특한 웹툰회사가 있습니다.

‣ 세계인의 가슴을 두근두근하게 하는 이야기
‣ 세상을 놀라게 하는 탁월한 기술
‣ 세상을 놀라게 하는 지금까지 보지 못한 콘텐츠

리얼드로우는 세상을 놀라게 할 웹툰 콘텐츠와 웹툰 콘텐츠 제작을 혁신할 기술을 준비하고 있습니다.
리얼드로우와 함께 두근거리는 가슴으로 콘텐츠와 기술을 만들어나갈 동료를 두 손 모아 기다리고 있어요.

► 조직문화
리얼드로우는 투명한 소통을 통해서 서로 신뢰하는 문화를 지향합니다.

[Learn from Try, Move forward Together] 도전을 통해서 함께 배우고, 같이 한발 더 나아가는 문화로
[Be Professional] 프로페셔널을 바탕으로 자유와 책임으로 문제를 해결하는, 언제나 탁월한 동료가
[Team Play] 다양한 배경을 가진 다양한 동료와의 협동으로 세상에 없던 문제를 풀어내는 원팀으로서
[Ask anything, Answer everything] 어떤 이슈든 질문하고 답하며 정보가 고여있지 않은 조직에서
[Leave Breathing Room] 주변과 나를 돌이켜 볼 수 있는 여유의 중요성을 아는 조직입니다.

► 전형절차

서류 ＞ 1차 면접 ＞ 2차 면접 ＞ 최종합격
• 경력직 후보자의 경우, 2차 면접 후 후보자 동의 하에 레퍼런스 체크가 진행될 수 있습니다.
• 입사 후 3개월의 수습기간이 있으며, 처우/복리후생의 차등은 없습니다.","웹툰 작가가 만든 세계를 언리얼 엔진으로 현실화 하는 역할을 합니다. 웹툰 기획 단계부터 작가와 함께 3D로 세계를 만들어내고 그 위에서 캐릭터들이 이야기를 펼쳐나가도록 합니다.

► 주요업무
• 세계관 제작 : 스토리와 컨셉아트에서 묘사하는 실내/외 환경을 언리얼 엔진에서 구현","웹툰 작가가 만든 세계를 언리얼 엔진으로 현실화 하는 역할을 합니다. 웹툰 기획 단계부터 작가와 함께 3D로 세계를 만들어내고 그 위에서 캐릭터들이 이야기를 펼쳐나가도록 합니다.

► 주요업무
• 세계관 제작 : 스토리와 컨셉아트에서 묘사하는 실내/외 환경을 언리얼 엔진에서 구현",,,,"Unreal Engine, SketchUp, Maya, 블렌더",,,서울 마포구,리얼드로우
Animation TA,"Cinamon(시나몬)은 네이버 자회사로
2017년에 ‘메이비’라는 인터렉티브 스토리 앱으로 시작하여
현재는 혼자서도 영화와 드라마를 제작할 수 있는
3D UGC 플랫폼 ‘CineV(시네브이)’를 준비하고 있습니다.

‘CineV’는 언리얼엔진5와 인공지능(AI)기술을 활용해
3D 영상을 1인 제작할 수 있는 콘텐츠 플랫폼입니다.

현재까지 네이버웹툰, 네이버 Z, 크래프톤 등 글로벌 컨텐츠 기업과
알토스, 컴퍼니케이 등의 VC로부터 누적 총 200억원의 투자를 유치하였습니다.
시나몬과 함께 새로운 시장을 여실 분들의 많은 관심과 지원 부탁드립니다.","• Unreal5 상에서의 AnimBP 기반의 애니메이션 피쳐 유지보수, 개발
• Maya Python, MEL 등을 이용한 애니메이션 데이터 클린업, 자동화 지원","• Unreal5 상에서의 AnimBP 기반의 애니메이션 피쳐 유지보수, 개발
• Maya Python, MEL 등을 이용한 애니메이션 데이터 클린업, 자동화 지원",,,,"커피·스낵바, 휴가비, 유망산업, 연봉상위11~20%, 51~300명, 설립4~9년, 누적투자100억이상, AI 선도 기업",상시채용,,서울 서초구,시나몬
메이플스토리N 게임 서버/클라이언트 프로그래머 (C/C++,"넥슨의 대표 IP '메이플스토리'를 기반으로 글로벌 시장에서 선보일 다양한 블록체인 프로젝트를 준비하고 있으며, 이를 모두 아우르는 NFT 중심 생태계 '메이플스토리 유니버스'를 설계 중에 있습니다.

메이플스토리 유니버스의 첫 타이틀인, 원작에 블록체인 기술을 접목한 PC기반의 신규 글로벌 MMORPG인 '메이플스토리 N'을 시작으로 메이플스토리 샌드박스 제작 플랫폼 'MOD N', 메이플스토리 N의 모바일 버전인 '메이플스토리 N 모바일', NFT 기반 앱 개발 시스템 '메이플스토리 N
SDK'까지 게임과 블록체인 세계가 융합하는 가상 세계의 진화를 그리고 있습니다.","• MapleStoryN 게임에 필요한 신규 컨텐츠 제작 및 시스템 개발
• 대규모 접속 처리를 위한 C++ 기반 서버/클라이언트 개발
• 프로젝트 코드의 품질 관리, 라이브이슈에 대한 솔루션 연구
• 메이플스토리 유니버스 내 DApp(게임) 시스템/컨텐츠 개발","• MapleStoryN 게임에 필요한 신규 컨텐츠 제작 및 시스템 개발
• 대규모 접속 처리를 위한 C++ 기반 서버/클라이언트 개발
• 프로젝트 코드의 품질 관리, 라이브이슈에 대한 솔루션 연구
• 메이플스토리 유니버스 내 DApp(게임) 시스템/컨텐츠 개발",,,,"유망산업, 편의시설, 사내동호회, 자기계발지원, 연봉상위2~5%, 51~300명, 설립3년이하, 인원 급성장, 경기도 우수 중소기업",상시채용,,경기 성남시,넥슨유니버스
[PUBG STUDIOS] Anti-Cheat 부정행위 운영 담당자 (중국어 우대),"Anti-Cheat Ops팀은 PUBG에 존재하는 모든 부정행위를 모니터링합니다. 부정행위에 대응하기 위한 수단을 찾고, 이를 적극적으로 활용하여 유저에게 공정한 게임 환경을 제공하기 위해 항상 노력합니다.","• 부정행위에 대한 조사 및 대응 계획 수립 
• Anti-Cheat 지원 및 관련 프로젝트 진행","• 부정행위에 대한 조사 및 대응 계획 수립 
• Anti-Cheat 지원 및 관련 프로젝트 진행",,,,"Unreal Engine, C++",,,서울 서초구,크래프톤(Krafton)
[에픽세븐] 전투 기획자,"""게임의 새로운 기준을 만들다""

슈퍼크리에이티브는 2015년부터 시작된 게임 개발 전문 스튜디오로 모두가 꿈꿔온 최고 퀄리티의 게임 개발을 위해 오늘도 끊임없는 도전을 이어가고 있습니다.

2018년 런칭한 ""에픽세븐(Epic Seven)""은 현재까지도 140여 개국에서 여전히 큰 사랑을 받고 있으며 유저들에게 전에 없던 감동과 즐거움을 선사하고자 새로운 프로젝트도 준비하고 있습니다.

우리가 게임의 기준이 되는 그날까지 끊임없이 노력하겠습니다.
개발에 대한 자부심으로 세상의 변화를 주도하는 우리는 ""슈퍼크리에이티브"" 입니다.","에픽세븐 영웅팀에서 아래와 같은 업무를 담당해 주실 분을 모십니다.

• 캐릭터(영웅) 설계 및 밸런싱
• 캐릭터(영웅) 데이터 작업","에픽세븐 영웅팀에서 아래와 같은 업무를 담당해 주실 분을 모십니다.

• 캐릭터(영웅) 설계 및 밸런싱
• 캐릭터(영웅) 데이터 작업",,,,"전투, 게임 디자인",,,경기 성남시,스마일게이트홀딩스 슈퍼크리에이티브 지점
게임 서버 개발,"- 컴투스 창업자의 새로운 도전… ""해긴은 모두가 행복한 게임회사를 꿈꿉니다""
(","＜해긴의 서버 개발자는＞

- 게임 서버의 확장성과 안정성을 보장하기 위해 서버 아키텍처를 최적화하고, 서버 성능을 모니터링 하며 용량을 조정하는 작업을 수행합니다.
- 게임 클라이언트와 서버 간의 통신을 관리하고, 게임 내 데이터베이스를 관리하며, 게임 내에서 발생하는 문제를 해결하기 위한 도구와 기능을 개발합니다. 
- 다양한 개발자 및 사내 구성원들과 함께 협업해 나가며 서로의 역할과 책임, 개발 일정, 그리고 이슈를 공유하기 위한 효율적인 의사소통을 중요시합니다.
- 자동화된 테스트, 빌드, 배포 등을 통해 개발 프로세스를 더욱 효율적으로 만들고, 시간과 비용을 절약합니다.
- 사용자 데이터 및 시스템 데이터의 보안을 유지하기 위해 개발에 대한 보안 적인 측면을 중요하게 고려합니다.","＜해긴의 서버 개발자는＞

- 게임 서버의 확장성과 안정성을 보장하기 위해 서버 아키텍처를 최적화하고, 서버 성능을 모니터링 하며 용량을 조정하는 작업을 수행합니다.
- 게임 클라이언트와 서버 간의 통신을 관리하고, 게임 내 데이터베이스를 관리하며, 게임 내에서 발생하는 문제를 해결하기 위한 도구와 기능을 개발합니다. 
- 다양한 개발자 및 사내 구성원들과 함께 협업해 나가며 서로의 역할과 책임, 개발 일정, 그리고 이슈를 공유하기 위한 효율적인 의사소통을 중요시합니다.
- 자동화된 테스트, 빌드, 배포 등을 통해 개발 프로세스를 더욱 효율적으로 만들고, 시간과 비용을 절약합니다.
- 사용자 데이터 및 시스템 데이터의 보안을 유지하기 위해 개발에 대한 보안 적인 측면을 중요하게 고려합니다.",,,,Unity3D,,,서울 구로구,해긴
